成交股數,成交金額,開盤價,最高價,最低價,收盤價,漲跌價差,成交筆數,SMA_5,SMA_20,SMA_60,SMA_50,SMA_200,EMA_5,EMA_20,RSI,MACD,MACD_signal,MACD_hist,Support_Level,Resistance_Level,day_index,predicted_close_price
6211010.00,8141227520.00,1325.00,1330.00,1295.00,1315.00,5.00,7911.00,1277.00,1276.50,1242.08,1265.50,1208.18,1290.29,1278.53,57.26,4.87,2.72,2.15,1208.18,1276.50,1,1752.28
4844752.00,6364952064.00,1315.00,1325.00,1305.00,1320.00,5.00,6345.00,1291.00,1277.25,1245.17,1269.50,1210.13,1300.19,1282.48,58.03,7.61,3.70,3.92,1210.13,1277.25,2,1731.29
5559581.00,7367160832.00,1325.00,1335.00,1310.00,1325.00,5.00,10447.00,1305.00,1278.25,1248.75,1273.50,1212.07,1308.46,1286.53,58.84,10.07,4.97,5.10,1212.07,1278.25,3,1696.22
4364288.00,5747214848.00,1325.00,1340.00,1300.00,1305.00,-20.00,11555.00,1315.00,1279.50,1251.42,1276.70,1213.92,1307.31,1288.29,54.35,10.29,6.04,4.26,1213.92,1279.50,4,1701.36
4592126.00,6045281280.00,1320.00,1325.00,1300.00,1325.00,20.00,5865.00,1318.00,1281.00,1255.08,1279.30,1215.68,1313.20,1291.78,57.82,11.94,7.22,4.73,1215.68,1281.00,5,1647.71
4844752.00,6364952064.00,1315.00,1325.00,1305.00,1320.00,5.00,6345.00,1291.00,1277.25,1245.17,1269.50,1210.13,1300.19,1282.48,58.03,7.61,3.70,3.92,1210.13,1277.25,1,1754.16
5559581.00,7367160832.00,1325.00,1335.00,1310.00,1325.00,5.00,10447.00,1305.00,1278.25,1248.75,1273.50,1212.07,1308.46,1286.53,58.84,10.07,4.97,5.10,1212.07,1278.25,2,1733.09
4364288.00,5747214848.00,1325.00,1340.00,1300.00,1305.00,-20.00,11555.00,1315.00,1279.50,1251.42,1276.70,1213.92,1307.31,1288.29,54.35,10.29,6.04,4.26,1213.92,1279.50,3,1697.62
4592126.00,6045281280.00,1320.00,1325.00,1300.00,1325.00,20.00,5865.00,1318.00,1281.00,1255.08,1279.30,1215.68,1313.20,1291.78,57.82,11.94,7.22,4.73,1215.68,1281.00,4,1703.24
8230114.00,11015979008.00,1315.00,1360.00,1310.00,1350.00,25.00,12323.00,1325.00,1285.25,1258.75,1281.80,1217.58,1325.47,1297.33,61.73,15.10,8.79,6.30,1217.58,1285.25,5,1649.99
5559581.00,7367160832.00,1325.00,1335.00,1310.00,1325.00,5.00,10447.00,1305.00,1278.25,1248.75,1273.50,1212.07,1308.46,1286.53,58.84,10.07,4.97,5.10,1212.07,1278.25,1,1753.14
4364288.00,5747214848.00,1325.00,1340.00,1300.00,1305.00,-20.00,11555.00,1315.00,1279.50,1251.42,1276.70,1213.92,1307.31,1288.29,54.35,10.29,6.04,4.26,1213.92,1279.50,2,1731.97
4592126.00,6045281280.00,1320.00,1325.00,1300.00,1325.00,20.00,5865.00,1318.00,1281.00,1255.08,1279.30,1215.68,1313.20,1291.78,57.82,11.94,7.22,4.73,1215.68,1281.00,3,1697.33
8230114.00,11015979008.00,1315.00,1360.00,1310.00,1350.00,25.00,12323.00,1325.00,1285.25,1258.75,1281.80,1217.58,1325.47,1297.33,61.73,15.10,8.79,6.30,1217.58,1285.25,4,1702.36
7633822.50,10191660032.00,1320.00,1355.00,1305.00,1350.00,0.00,9374.00,1331.00,1290.00,1262.75,1283.40,1219.52,1333.65,1302.34,61.73,17.39,10.51,6.88,1219.52,1290.00,5,1648.93
4364288.00,5747214848.00,1325.00,1340.00,1300.00,1305.00,-20.00,11555.00,1315.00,1279.50,1251.42,1276.70,1213.92,1307.31,1288.29,54.35,10.29,6.04,4.26,1213.92,1279.50,1,1758.02
4592126.00,6045281280.00,1320.00,1325.00,1300.00,1325.00,20.00,5865.00,1318.00,1281.00,1255.08,1279.30,1215.68,1313.20,1291.78,57.82,11.94,7.22,4.73,1215.68,1281.00,2,1736.98
8230114.00,11015979008.00,1315.00,1360.00,1310.00,1350.00,25.00,12323.00,1325.00,1285.25,1258.75,1281.80,1217.58,1325.47,1297.33,61.73,15.10,8.79,6.30,1217.58,1285.25,3,1700.29
7633822.50,10191660032.00,1320.00,1355.00,1305.00,1350.00,0.00,9374.00,1331.00,1290.00,1262.75,1283.40,1219.52,1333.65,1302.34,61.73,17.39,10.51,6.88,1219.52,1290.00,4,1707.13
8447774.00,11722376192.00,1370.00,1400.00,1370.00,1380.00,30.00,20476.00,1342.00,1297.25,1266.50,1285.80,1221.50,1349.10,1309.74,66.10,21.39,12.69,8.70,1221.50,1297.25,5,1654.46
4592126.00,6045281280.00,1320.00,1325.00,1300.00,1325.00,20.00,5865.00,1318.00,1281.00,1255.08,1279.30,1215.68,1313.20,1291.78,57.82,11.94,7.22,4.73,1215.68,1281.00,1,1758.49
8230114.00,11015979008.00,1315.00,1360.00,1310.00,1350.00,25.00,12323.00,1325.00,1285.25,1258.75,1281.80,1217.58,1325.47,1297.33,61.73,15.10,8.79,6.30,1217.58,1285.25,2,1737.69
7633822.50,10191660032.00,1320.00,1355.00,1305.00,1350.00,0.00,9374.00,1331.00,1290.00,1262.75,1283.40,1219.52,1333.65,1302.34,61.73,17.39,10.51,6.88,1219.52,1290.00,3,1700.68
8447774.00,11722376192.00,1370.00,1400.00,1370.00,1380.00,30.00,20476.00,1342.00,1297.25,1266.50,1285.80,1221.50,1349.10,1309.74,66.10,21.39,12.69,8.70,1221.50,1297.25,4,1708.08
6733740.00,9392979968.00,1385.00,1410.00,1365.00,1410.00,30.00,14746.00,1363.00,1304.25,1271.25,1290.50,1223.65,1369.40,1319.29,69.82,26.67,15.48,11.18,1223.65,1304.25,5,1655.83
8230114.00,11015979008.00,1315.00,1360.00,1310.00,1350.00,25.00,12323.00,1325.00,1285.25,1258.75,1281.80,1217.58,1325.47,1297.33,61.73,15.10,8.79,6.30,1217.58,1285.25,1,1757.08
7633822.50,10191660032.00,1320.00,1355.00,1305.00,1350.00,0.00,9374.00,1331.00,1290.00,1262.75,1283.40,1219.52,1333.65,1302.34,61.73,17.39,10.51,6.88,1219.52,1290.00,2,1735.91
8447774.00,11722376192.00,1370.00,1400.00,1370.00,1380.00,30.00,20476.00,1342.00,1297.25,1266.50,1285.80,1221.50,1349.10,1309.74,66.10,21.39,12.69,8.70,1221.50,1297.25,3,1700.41
6733740.00,9392979968.00,1385.00,1410.00,1365.00,1410.00,30.00,14746.00,1363.00,1304.25,1271.25,1290.50,1223.65,1369.40,1319.29,69.82,26.67,15.48,11.18,1223.65,1304.25,4,1706.74
7521031.00,10583170048.00,1435.00,1440.00,1385.00,1385.00,-25.00,18946.00,1375.00,1311.50,1275.50,1294.00,1225.50,1374.60,1325.55,63.57,28.50,18.09,10.42,1225.50,1311.50,5,1653.82
7633822.50,10191660032.00,1320.00,1355.00,1305.00,1350.00,0.00,9374.00,1331.00,1290.00,1262.75,1283.40,1219.52,1333.65,1302.34,61.73,17.39,10.51,6.88,1219.52,1290.00,1,1760.92
8447774.00,11722376192.00,1370.00,1400.00,1370.00,1380.00,30.00,20476.00,1342.00,1297.25,1266.50,1285.80,1221.50,1349.10,1309.74,66.10,21.39,12.69,8.70,1221.50,1297.25,2,1740.40
6733740.00,9392979968.00,1385.00,1410.00,1365.00,1410.00,30.00,14746.00,1363.00,1304.25,1271.25,1290.50,1223.65,1369.40,1319.29,69.82,26.67,15.48,11.18,1223.65,1304.25,3,1702.18
7521031.00,10583170048.00,1435.00,1440.00,1385.00,1385.00,-25.00,18946.00,1375.00,1311.50,1275.50,1294.00,1225.50,1374.60,1325.55,63.57,28.50,18.09,10.42,1225.50,1311.50,4,1710.55
9362088.00,13364542464.00,1390.00,1445.00,1390.00,1425.00,40.00,18088.00,1390.00,1318.50,1280.83,1297.90,1227.12,1391.40,1335.02,68.44,32.81,21.03,11.78,1227.12,1318.50,5,1658.61
8447774.00,11722376192.00,1370.00,1400.00,1370.00,1380.00,30.00,20476.00,1342.00,1297.25,1266.50,1285.80,1221.50,1349.10,1309.74,66.10,21.39,12.69,8.70,1221.50,1297.25,1,1759.23
6733740.00,9392979968.00,1385.00,1410.00,1365.00,1410.00,30.00,14746.00,1363.00,1304.25,1271.25,1290.50,1223.65,1369.40,1319.29,69.82,26.67,15.48,11.18,1223.65,1304.25,2,1738.32
7521031.00,10583170048.00,1435.00,1440.00,1385.00,1385.00,-25.00,18946.00,1375.00,1311.50,1275.50,1294.00,1225.50,1374.60,1325.55,63.57,28.50,18.09,10.42,1225.50,1311.50,3,1701.43
9362088.00,13364542464.00,1390.00,1445.00,1390.00,1425.00,40.00,18088.00,1390.00,1318.50,1280.83,1297.90,1227.12,1391.40,1335.02,68.44,32.81,21.03,11.78,1227.12,1318.50,4,1709.04
6198374.00,8798918656.00,1430.00,1430.00,1405.00,1420.00,-5.00,9091.00,1404.00,1325.75,1285.83,1301.30,1228.65,1400.93,1343.11,67.23,35.41,23.91,11.50,1228.65,1325.75,5,1656.58
6733740.00,9392979968.00,1385.00,1410.00,1365.00,1410.00,30.00,14746.00,1363.00,1304.25,1271.25,1290.50,1223.65,1369.40,1319.29,69.82,26.67,15.48,11.18,1223.65,1304.25,1,1759.34
7521031.00,10583170048.00,1435.00,1440.00,1385.00,1385.00,-25.00,18946.00,1375.00,1311.50,1275.50,1294.00,1225.50,1374.60,1325.55,63.57,28.50,18.09,10.42,1225.50,1311.50,2,1738.56
9362088.00,13364542464.00,1390.00,1445.00,1390.00,1425.00,40.00,18088.00,1390.00,1318.50,1280.83,1297.90,1227.12,1391.40,1335.02,68.44,32.81,21.03,11.78,1227.12,1318.50,3,1701.43
6198374.00,8798918656.00,1430.00,1430.00,1405.00,1420.00,-5.00,9091.00,1404.00,1325.75,1285.83,1301.30,1228.65,1400.93,1343.11,67.23,35.41,23.91,11.50,1228.65,1325.75,4,1708.97
6719997.00,9496773632.00,1400.00,1430.00,1395.00,1420.00,0.00,10465.00,1412.00,1333.50,1290.75,1305.20,1230.18,1407.29,1350.43,67.23,37.04,26.53,10.51,1230.18,1333.50,5,1656.51
7521031.00,10583170048.00,1435.00,1440.00,1385.00,1385.00,-25.00,18946.00,1375.00,1311.50,1275.50,1294.00,1225.50,1374.60,1325.55,63.57,28.50,18.09,10.42,1225.50,1311.50,1,1756.76
9362088.00,13364542464.00,1390.00,1445.00,1390.00,1425.00,40.00,18088.00,1390.00,1318.50,1280.83,1297.90,1227.12,1391.40,1335.02,68.44,32.81,21.03,11.78,1227.12,1318.50,2,1735.74
6198374.00,8798918656.00,1430.00,1430.00,1405.00,1420.00,-5.00,9091.00,1404.00,1325.75,1285.83,1301.30,1228.65,1400.93,1343.11,67.23,35.41,23.91,11.50,1228.65,1325.75,3,1699.88
6719997.00,9496773632.00,1400.00,1430.00,1395.00,1420.00,0.00,10465.00,1412.00,1333.50,1290.75,1305.20,1230.18,1407.29,1350.43,67.23,37.04,26.53,10.51,1230.18,1333.50,4,1706.16
5731484.00,8030795776.00,1420.00,1425.00,1390.00,1390.00,-30.00,8536.00,1408.00,1337.50,1294.83,1308.10,1231.43,1401.53,1354.20,59.86,35.51,28.33,7.18,1231.43,1337.50,5,1653.15
9362088.00,13364542464.00,1390.00,1445.00,1390.00,1425.00,40.00,18088.00,1390.00,1318.50,1280.83,1297.90,1227.12,1391.40,1335.02,68.44,32.81,21.03,11.78,1227.12,1318.50,1,1758.90
6198374.00,8798918656.00,1430.00,1430.00,1405.00,1420.00,-5.00,9091.00,1404.00,1325.75,1285.83,1301.30,1228.65,1400.93,1343.11,67.23,35.41,23.91,11.50,1228.65,1325.75,2,1738.46
6719997.00,9496773632.00,1400.00,1430.00,1395.00,1420.00,0.00,10465.00,1412.00,1333.50,1290.75,1305.20,1230.18,1407.29,1350.43,67.23,37.04,26.53,10.51,1230.18,1333.50,3,1700.72
5731484.00,8030795776.00,1420.00,1425.00,1390.00,1390.00,-30.00,8536.00,1408.00,1337.50,1294.83,1308.10,1231.43,1401.53,1354.20,59.86,35.51,28.33,7.18,1231.43,1337.50,4,1708.04
4417200.00,6243376128.00,1405.00,1425.00,1400.00,1410.00,20.00,6948.00,1413.00,1344.00,1298.42,1310.30,1232.95,1404.35,1359.52,62.79,35.50,29.76,5.73,1232.95,1344.00,5,1655.77
6198374.00,8798918656.00,1430.00,1430.00,1405.00,1420.00,-5.00,9091.00,1404.00,1325.75,1285.83,1301.30,1228.65,1400.93,1343.11,67.23,35.41,23.91,11.50,1228.65,1325.75,1,1757.39
6719997.00,9496773632.00,1400.00,1430.00,1395.00,1420.00,0.00,10465.00,1412.00,1333.50,1290.75,1305.20,1230.18,1407.29,1350.43,67.23,37.04,26.53,10.51,1230.18,1333.50,2,1736.62
5731484.00,8030795776.00,1420.00,1425.00,1390.00,1390.00,-30.00,8536.00,1408.00,1337.50,1294.83,1308.10,1231.43,1401.53,1354.20,59.86,35.51,28.33,7.18,1231.43,1337.50,3,1699.88
4417200.00,6243376128.00,1405.00,1425.00,1400.00,1410.00,20.00,6948.00,1413.00,1344.00,1298.42,1310.30,1232.95,1404.35,1359.52,62.79,35.50,29.76,5.73,1232.95,1344.00,4,1706.49
3278608.00,4639180288.00,1430.00,1430.00,1405.00,1405.00,-5.00,5156.00,1409.00,1350.25,1301.42,1312.60,1234.22,1404.57,1363.85,61.58,34.68,30.75,3.94,1234.22,1350.25,5,1653.85
6719997.00,9496773632.00,1400.00,1430.00,1395.00,1420.00,0.00,10465.00,1412.00,1333.50,1290.75,1305.20,1230.18,1407.29,1350.43,67.23,37.04,26.53,10.51,1230.18,1333.50,1,1757.53
5731484.00,8030795776.00,1420.00,1425.00,1390.00,1390.00,-30.00,8536.00,1408.00,1337.50,1294.83,1308.10,1231.43,1401.53,1354.20,59.86,35.51,28.33,7.18,1231.43,1337.50,2,1737.02
4417200.00,6243376128.00,1405.00,1425.00,1400.00,1410.00,20.00,6948.00,1413.00,1344.00,1298.42,1310.30,1232.95,1404.35,1359.52,62.79,35.50,29.76,5.73,1232.95,1344.00,3,1699.88
3278608.00,4639180288.00,1430.00,1430.00,1405.00,1405.00,-5.00,5156.00,1409.00,1350.25,1301.42,1312.60,1234.22,1404.57,1363.85,61.58,34.68,30.75,3.94,1234.22,1350.25,4,1706.50
2449652.00,3471607296.00,1420.00,1430.00,1410.00,1410.00,5.00,4418.00,1407.00,1358.25,1303.75,1314.80,1235.50,1406.38,1368.24,62.36,34.05,31.41,2.64,1235.50,1358.25,5,1654.05
5731484.00,8030795776.00,1420.00,1425.00,1390.00,1390.00,-30.00,8536.00,1408.00,1337.50,1294.83,1308.10,1231.43,1401.53,1354.20,59.86,35.51,28.33,7.18,1231.43,1337.50,1,1757.52
4417200.00,6243376128.00,1405.00,1425.00,1400.00,1410.00,20.00,6948.00,1413.00,1344.00,1298.42,1310.30,1232.95,1404.35,1359.52,62.79,35.50,29.76,5.73,1232.95,1344.00,2,1737.11
3278608.00,4639180288.00,1430.00,1430.00,1405.00,1405.00,-5.00,5156.00,1409.00,1350.25,1301.42,1312.60,1234.22,1404.57,1363.85,61.58,34.68,30.75,3.94,1234.22,1350.25,3,1699.79
2449652.00,3471607296.00,1420.00,1430.00,1410.00,1410.00,5.00,4418.00,1407.00,1358.25,1303.75,1314.80,1235.50,1406.38,1368.24,62.36,34.05,31.41,2.64,1235.50,1358.25,4,1706.45
2448448.00,3484465920.00,1420.00,1430.00,1415.00,1420.00,10.00,4902.00,1407.00,1366.50,1306.42,1317.70,1236.65,1410.92,1373.17,63.94,33.96,31.92,2.05,1236.65,1366.50,5,1654.16
4417200.00,6243376128.00,1405.00,1425.00,1400.00,1410.00,20.00,6948.00,1413.00,1344.00,1298.42,1310.30,1232.95,1404.35,1359.52,62.79,35.50,29.76,5.73,1232.95,1344.00,1,1757.46
3278608.00,4639180288.00,1430.00,1430.00,1405.00,1405.00,-5.00,5156.00,1409.00,1350.25,1301.42,1312.60,1234.22,1404.57,1363.85,61.58,34.68,30.75,3.94,1234.22,1350.25,2,1737.23
2449652.00,3471607296.00,1420.00,1430.00,1410.00,1410.00,5.00,4418.00,1407.00,1358.25,1303.75,1314.80,1235.50,1406.38,1368.24,62.36,34.05,31.41,2.64,1235.50,1358.25,3,1699.78
2448448.00,3484465920.00,1420.00,1430.00,1415.00,1420.00,10.00,4902.00,1407.00,1366.50,1306.42,1317.70,1236.65,1410.92,1373.17,63.94,33.96,31.92,2.05,1236.65,1366.50,4,1706.36
2406377.00,3443523840.00,1420.00,1440.00,1420.00,1430.00,10.00,5985.00,1415.00,1375.25,1310.67,1320.80,1237.65,1417.28,1378.59,65.50,34.31,32.40,1.91,1237.65,1375.25,5,1654.27
3278608.00,4639180288.00,1430.00,1430.00,1405.00,1405.00,-5.00,5156.00,1409.00,1350.25,1301.42,1312.60,1234.22,1404.57,1363.85,61.58,34.68,30.75,3.94,1234.22,1350.25,1,1756.19
2449652.00,3471607296.00,1420.00,1430.00,1410.00,1410.00,5.00,4418.00,1407.00,1358.25,1303.75,1314.80,1235.50,1406.38,1368.24,62.36,34.05,31.41,2.64,1235.50,1358.25,2,1735.81
2448448.00,3484465920.00,1420.00,1430.00,1415.00,1420.00,10.00,4902.00,1407.00,1366.50,1306.42,1317.70,1236.65,1410.92,1373.17,63.94,33.96,31.92,2.05,1236.65,1366.50,3,1699.10
2406377.00,3443523840.00,1420.00,1440.00,1420.00,1430.00,10.00,5985.00,1415.00,1375.25,1310.67,1320.80,1237.65,1417.28,1378.59,65.50,34.31,32.40,1.91,1237.65,1375.25,4,1705.03
2890275.75,4117830912.00,1430.00,1435.00,1420.00,1420.00,-10.00,5362.00,1417.00,1380.75,1314.17,1323.10,1238.60,1418.19,1382.53,62.58,33.39,32.60,0.79,1238.60,1380.75,5,1652.61
2449652.00,3471607296.00,1420.00,1430.00,1410.00,1410.00,5.00,4418.00,1407.00,1358.25,1303.75,1314.80,1235.50,1406.38,1368.24,62.36,34.05,31.41,2.64,1235.50,1358.25,1,1755.29
2448448.00,3484465920.00,1420.00,1430.00,1415.00,1420.00,10.00,4902.00,1407.00,1366.50,1306.42,1317.70,1236.65,1410.92,1373.17,63.94,33.96,31.92,2.05,1236.65,1366.50,2,1735.07
2406377.00,3443523840.00,1420.00,1440.00,1420.00,1430.00,10.00,5985.00,1415.00,1375.25,1310.67,1320.80,1237.65,1417.28,1378.59,65.50,34.31,32.40,1.91,1237.65,1375.25,3,1698.40
2890275.75,4117830912.00,1430.00,1435.00,1420.00,1420.00,-10.00,5362.00,1417.00,1380.75,1314.17,1323.10,1238.60,1418.19,1382.53,62.58,33.39,32.60,0.79,1238.60,1380.75,4,1703.98
3371199.00,4756664832.00,1410.00,1425.00,1400.00,1415.00,-5.00,7737.00,1419.00,1385.75,1317.25,1324.80,1239.55,1417.12,1385.62,61.12,31.89,32.45,-0.57,1239.55,1385.75,5,1651.56
2448448.00,3484465920.00,1420.00,1430.00,1415.00,1420.00,10.00,4902.00,1407.00,1366.50,1306.42,1317.70,1236.65,1410.92,1373.17,63.94,33.96,31.92,2.05,1236.65,1366.50,1,1750.28
2406377.00,3443523840.00,1420.00,1440.00,1420.00,1430.00,10.00,5985.00,1415.00,1375.25,1310.67,1320.80,1237.65,1417.28,1378.59,65.50,34.31,32.40,1.91,1237.65,1375.25,2,1730.44
2890275.75,4117830912.00,1430.00,1435.00,1420.00,1420.00,-10.00,5362.00,1417.00,1380.75,1314.17,1323.10,1238.60,1418.19,1382.53,62.58,33.39,32.60,0.79,1238.60,1380.75,3,1694.51
3371199.00,4756664832.00,1410.00,1425.00,1400.00,1415.00,-5.00,7737.00,1419.00,1385.75,1317.25,1324.80,1239.55,1417.12,1385.62,61.12,31.89,32.45,-0.57,1239.55,1385.75,4,1699.00
7374055.00,10011026432.00,1395.00,1400.00,1335.00,1350.00,0.00,26063.00,1407.00,1387.25,1318.92,1325.60,1240.22,1394.75,1382.23,46.05,25.16,31.00,-5.83,1240.22,1387.25,5,1646.44
2406377.00,3443523840.00,1420.00,1440.00,1420.00,1430.00,10.00,5985.00,1415.00,1375.25,1310.67,1320.80,1237.65,1417.28,1378.59,65.50,34.31,32.40,1.91,1237.65,1375.25,1,1751.11
2890275.75,4117830912.00,1430.00,1435.00,1420.00,1420.00,-10.00,5362.00,1417.00,1380.75,1314.17,1323.10,1238.60,1418.19,1382.53,62.58,33.39,32.60,0.79,1238.60,1380.75,2,1731.32
3371199.00,4756664832.00,1410.00,1425.00,1400.00,1415.00,-5.00,7737.00,1419.00,1385.75,1317.25,1324.80,1239.55,1417.12,1385.62,61.12,31.89,32.45,-0.57,1239.55,1385.75,3,1695.06
7374055.00,10011026432.00,1395.00,1400.00,1335.00,1350.00,0.00,26063.00,1407.00,1387.25,1318.92,1325.60,1240.22,1394.75,1382.23,46.05,25.16,31.00,-5.83,1240.22,1387.25,4,1699.39
6413342.50,8684840960.00,1365.00,1370.00,1335.00,1365.00,15.00,10151.00,1396.00,1389.25,1321.25,1326.90,1240.98,1384.83,1380.59,49.17,20.81,28.96,-8.15,1240.98,1389.25,5,1646.85
2890275.75,4117830912.00,1430.00,1435.00,1420.00,1420.00,-10.00,5362.00,1417.00,1380.75,1314.17,1323.10,1238.60,1418.19,1382.53,62.58,33.39,32.60,0.79,1238.60,1380.75,1,1756.00
3371199.00,4756664832.00,1410.00,1425.00,1400.00,1415.00,-5.00,7737.00,1419.00,1385.75,1317.25,1324.80,1239.55,1417.12,1385.62,61.12,31.89,32.45,-0.57,1239.55,1385.75,2,1736.26
7374055.00,10011026432.00,1395.00,1400.00,1335.00,1350.00,0.00,26063.00,1407.00,1387.25,1318.92,1325.60,1240.22,1394.75,1382.23,46.05,25.16,31.00,-5.83,1240.22,1387.25,3,1698.27
6413342.50,8684840960.00,1365.00,1370.00,1335.00,1365.00,15.00,10151.00,1396.00,1389.25,1321.25,1326.90,1240.98,1384.83,1380.59,49.17,20.81,28.96,-8.15,1240.98,1389.25,4,1704.08
7760498.00,10980061184.00,1390.00,1425.00,1390.00,1425.00,60.00,14520.00,1395.00,1395.25,1324.25,1330.00,1242.35,1398.22,1384.82,59.29,21.94,27.55,-5.61,1242.35,1395.25,5,1652.50
3371199.00,4756664832.00,1410.00,1425.00,1400.00,1415.00,-5.00,7737.00,1419.00,1385.75,1317.25,1324.80,1239.55,1417.12,1385.62,61.12,31.89,32.45,-0.57,1239.55,1385.75,1,1759.27
7374055.00,10011026432.00,1395.00,1400.00,1335.00,1350.00,0.00,26063.00,1407.00,1387.25,1318.92,1325.60,1240.22,1394.75,1382.23,46.05,25.16,31.00,-5.83,1240.22,1387.25,2,1739.60
6413342.50,8684840960.00,1365.00,1370.00,1335.00,1365.00,15.00,10151.00,1396.00,1389.25,1321.25,1326.90,1240.98,1384.83,1380.59,49.17,20.81,28.96,-8.15,1240.98,1389.25,3,1700.83
7760498.00,10980061184.00,1390.00,1425.00,1390.00,1425.00,60.00,14520.00,1395.00,1395.25,1324.25,1330.00,1242.35,1398.22,1384.82,59.29,21.94,27.55,-5.61,1242.35,1395.25,4,1707.85
13043149.00,19029055488.00,1445.00,1500.00,1415.00,1490.00,65.00,27139.00,1409.00,1403.50,1327.42,1333.50,1244.12,1428.81,1394.84,66.97,27.76,27.60,0.17,1244.12,1403.50,5,1656.96
7374055.00,10011026432.00,1395.00,1400.00,1335.00,1350.00,0.00,26063.00,1407.00,1387.25,1318.92,1325.60,1240.22,1394.75,1382.23,46.05,25.16,31.00,-5.83,1240.22,1387.25,1,1756.53
6413342.50,8684840960.00,1365.00,1370.00,1335.00,1365.00,15.00,10151.00,1396.00,1389.25,1321.25,1326.90,1240.98,1384.83,1380.59,49.17,20.81,28.96,-8.15,1240.98,1389.25,2,1736.36
7760498.00,10980061184.00,1390.00,1425.00,1390.00,1425.00,60.00,14520.00,1395.00,1395.25,1324.25,1330.00,1242.35,1398.22,1384.82,59.29,21.94,27.55,-5.61,1242.35,1395.25,3,1699.81
13043149.00,19029055488.00,1445.00,1500.00,1415.00,1490.00,65.00,27139.00,1409.00,1403.50,1327.42,1333.50,1244.12,1428.81,1394.84,66.97,27.76,27.60,0.17,1244.12,1403.50,4,1705.65
11341647.00,16799396864.00,1500.00,1500.00,1460.00,1470.00,-20.00,19669.00,1420.00,1409.50,1330.42,1336.20,1245.62,1442.54,1401.99,63.03,30.42,28.16,2.26,1245.62,1409.50,5,1653.66
6413342.50,8684840960.00,1365.00,1370.00,1335.00,1365.00,15.00,10151.00,1396.00,1389.25,1321.25,1326.90,1240.98,1384.83,1380.59,49.17,20.81,28.96,-8.15,1240.98,1389.25,1,1755.31
7760498.00,10980061184.00,1390.00,1425.00,1390.00,1425.00,60.00,14520.00,1395.00,1395.25,1324.25,1330.00,1242.35,1398.22,1384.82,59.29,21.94,27.55,-5.61,1242.35,1395.25,2,1735.24
13043149.00,19029055488.00,1445.00,1500.00,1415.00,1490.00,65.00,27139.00,1409.00,1403.50,1327.42,1333.50,1244.12,1428.81,1394.84,66.97,27.76,27.60,0.17,1244.12,1403.50,3,1698.90
11341647.00,16799396864.00,1500.00,1500.00,1460.00,1470.00,-20.00,19669.00,1420.00,1409.50,1330.42,1336.20,1245.62,1442.54,1401.99,63.03,30.42,28.16,2.26,1245.62,1409.50,4,1704.31
7283127.00,10619853824.00,1470.00,1480.00,1440.00,1440.00,-30.00,14596.00,1438.00,1414.00,1332.75,1339.00,1247.07,1441.70,1405.61,57.56,29.75,28.48,1.27,1247.07,1414.00,5,1651.87
7760498.00,10980061184.00,1390.00,1425.00,1390.00,1425.00,60.00,14520.00,1395.00,1395.25,1324.25,1330.00,1242.35,1398.22,1384.82,59.29,21.94,27.55,-5.61,1242.35,1395.25,1,1758.56
13043149.00,19029055488.00,1445.00,1500.00,1415.00,1490.00,65.00,27139.00,1409.00,1403.50,1327.42,1333.50,1244.12,1428.81,1394.84,66.97,27.76,27.60,0.17,1244.12,1403.50,2,1738.64
11341647.00,16799396864.00,1500.00,1500.00,1460.00,1470.00,-20.00,19669.00,1420.00,1409.50,1330.42,1336.20,1245.62,1442.54,1401.99,63.03,30.42,28.16,2.26,1245.62,1409.50,3,1700.26
7283127.00,10619853824.00,1470.00,1480.00,1440.00,1440.00,-30.00,14596.00,1438.00,1414.00,1332.75,1339.00,1247.07,1441.70,1405.61,57.56,29.75,28.48,1.27,1247.07,1414.00,4,1707.28
7456378.00,10977245184.00,1460.00,1495.00,1445.00,1465.00,25.00,12703.00,1458.00,1418.25,1335.92,1342.50,1248.75,1449.46,1411.27,60.63,30.89,28.96,1.93,1248.75,1418.25,5,1655.41
13043149.00,19029055488.00,1445.00,1500.00,1415.00,1490.00,65.00,27139.00,1409.00,1403.50,1327.42,1333.50,1244.12,1428.81,1394.84,66.97,27.76,27.60,0.17,1244.12,1403.50,1,1751.33
11341647.00,16799396864.00,1500.00,1500.00,1460.00,1470.00,-20.00,19669.00,1420.00,1409.50,1330.42,1336.20,1245.62,1442.54,1401.99,63.03,30.42,28.16,2.26,1245.62,1409.50,2,1730.64
7283127.00,10619853824.00,1470.00,1480.00,1440.00,1440.00,-30.00,14596.00,1438.00,1414.00,1332.75,1339.00,1247.07,1441.70,1405.61,57.56,29.75,28.48,1.27,1247.07,1414.00,3,1696.57
7456378.00,10977245184.00,1460.00,1495.00,1445.00,1465.00,25.00,12703.00,1458.00,1418.25,1335.92,1342.50,1248.75,1449.46,1411.27,60.63,30.89,28.96,1.93,1248.75,1418.25,4,1699.96
10467556.00,14785600512.00,1435.00,1460.00,1385.00,1390.00,-75.00,30506.00,1451.00,1417.25,1337.83,1344.50,1250.00,1429.64,1409.24,49.16,25.44,28.26,-2.81,1250.00,1417.25,5,1646.60
11341647.00,16799396864.00,1500.00,1500.00,1460.00,1470.00,-20.00,19669.00,1420.00,1409.50,1330.42,1336.20,1245.62,1442.54,1401.99,63.03,30.42,28.16,2.26,1245.62,1409.50,1,1753.81
7283127.00,10619853824.00,1470.00,1480.00,1440.00,1440.00,-30.00,14596.00,1438.00,1414.00,1332.75,1339.00,1247.07,1441.70,1405.61,57.56,29.75,28.48,1.27,1247.07,1414.00,2,1733.50
7456378.00,10977245184.00,1460.00,1495.00,1445.00,1465.00,25.00,12703.00,1458.00,1418.25,1335.92,1342.50,1248.75,1449.46,1411.27,60.63,30.89,28.96,1.93,1248.75,1418.25,3,1696.94
10467556.00,14785600512.00,1435.00,1460.00,1385.00,1390.00,-75.00,30506.00,1451.00,1417.25,1337.83,1344.50,1250.00,1429.64,1409.24,49.16,25.44,28.26,-2.81,1250.00,1417.25,4,1701.85
5672581.00,7934392832.00,1385.00,1415.00,1380.00,1400.00,10.00,10105.00,1433.00,1418.00,1339.42,1346.60,1251.38,1419.76,1408.36,50.50,21.69,26.94,-5.26,1251.38,1418.00,5,1648.84
7283127.00,10619853824.00,1470.00,1480.00,1440.00,1440.00,-30.00,14596.00,1438.00,1414.00,1332.75,1339.00,1247.07,1441.70,1405.61,57.56,29.75,28.48,1.27,1247.07,1414.00,1,1754.02
7456378.00,10977245184.00,1460.00,1495.00,1445.00,1465.00,25.00,12703.00,1458.00,1418.25,1335.92,1342.50,1248.75,1449.46,1411.27,60.63,30.89,28.96,1.93,1248.75,1418.25,2,1733.61
10467556.00,14785600512.00,1435.00,1460.00,1385.00,1390.00,-75.00,30506.00,1451.00,1417.25,1337.83,1344.50,1250.00,1429.64,1409.24,49.16,25.44,28.26,-2.81,1250.00,1417.25,3,1697.02
5672581.00,7934392832.00,1385.00,1415.00,1380.00,1400.00,10.00,10105.00,1433.00,1418.00,1339.42,1346.60,1251.38,1419.76,1408.36,50.50,21.69,26.94,-5.26,1251.38,1418.00,4,1701.92
6608704.00,9392555008.00,1390.00,1445.00,1390.00,1420.00,20.00,9999.00,1423.00,1417.75,1340.92,1349.20,1252.88,1419.84,1409.47,53.17,20.09,25.57,-5.48,1252.88,1417.75,5,1649.28
7456378.00,10977245184.00,1460.00,1495.00,1445.00,1465.00,25.00,12703.00,1458.00,1418.25,1335.92,1342.50,1248.75,1449.46,1411.27,60.63,30.89,28.96,1.93,1248.75,1418.25,1,1757.11
10467556.00,14785600512.00,1435.00,1460.00,1385.00,1390.00,-75.00,30506.00,1451.00,1417.25,1337.83,1344.50,1250.00,1429.64,1409.24,49.16,25.44,28.26,-2.81,1250.00,1417.25,2,1736.84
5672581.00,7934392832.00,1385.00,1415.00,1380.00,1400.00,10.00,10105.00,1433.00,1418.00,1339.42,1346.60,1251.38,1419.76,1408.36,50.50,21.69,26.94,-5.26,1251.38,1418.00,3,1699.18
6608704.00,9392555008.00,1390.00,1445.00,1390.00,1420.00,20.00,9999.00,1423.00,1417.75,1340.92,1349.20,1252.88,1419.84,1409.47,53.17,20.09,25.57,-5.48,1252.88,1417.75,4,1705.12
7526306.00,10959336448.00,1450.00,1470.00,1430.00,1460.00,40.00,12053.00,1427.00,1419.75,1343.42,1352.30,1254.52,1433.23,1414.28,58.04,21.80,24.82,-3.02,1254.52,1419.75,5,1653.06
10467556.00,14785600512.00,1435.00,1460.00,1385.00,1390.00,-75.00,30506.00,1451.00,1417.25,1337.83,1344.50,1250.00,1429.64,1409.24,49.16,25.44,28.26,-2.81,1250.00,1417.25,1,1752.82
5672581.00,7934392832.00,1385.00,1415.00,1380.00,1400.00,10.00,10105.00,1433.00,1418.00,1339.42,1346.60,1251.38,1419.76,1408.36,50.50,21.69,26.94,-5.26,1251.38,1418.00,2,1732.15
6608704.00,9392555008.00,1390.00,1445.00,1390.00,1420.00,20.00,9999.00,1423.00,1417.75,1340.92,1349.20,1252.88,1419.84,1409.47,53.17,20.09,25.57,-5.48,1252.88,1417.75,3,1697.08
7526306.00,10959336448.00,1450.00,1470.00,1430.00,1460.00,40.00,12053.00,1427.00,1419.75,1343.42,1352.30,1254.52,1433.23,1414.28,58.04,21.80,24.82,-3.02,1254.52,1419.75,4,1701.17
5593733.00,8016912896.00,1450.00,1455.00,1420.00,1430.00,-30.00,8875.00,1420.00,1420.25,1345.58,1354.80,1255.85,1432.15,1415.78,53.54,20.50,23.96,-3.45,1255.85,1420.25,5,1648.17
5672581.00,7934392832.00,1385.00,1415.00,1380.00,1400.00,10.00,10105.00,1433.00,1418.00,1339.42,1346.60,1251.38,1419.76,1408.36,50.50,21.69,26.94,-5.26,1251.38,1418.00,1,1754.78
6608704.00,9392555008.00,1390.00,1445.00,1390.00,1420.00,20.00,9999.00,1423.00,1417.75,1340.92,1349.20,1252.88,1419.84,1409.47,53.17,20.09,25.57,-5.48,1252.88,1417.75,2,1734.75
7526306.00,10959336448.00,1450.00,1470.00,1430.00,1460.00,40.00,12053.00,1427.00,1419.75,1343.42,1352.30,1254.52,1433.23,1414.28,58.04,21.80,24.82,-3.02,1254.52,1419.75,3,1697.89
5593733.00,8016912896.00,1450.00,1455.00,1420.00,1430.00,-30.00,8875.00,1420.00,1420.25,1345.58,1354.80,1255.85,1432.15,1415.78,53.54,20.50,23.96,-3.45,1255.85,1420.25,4,1703.00
4054089.00,5848835072.00,1425.00,1455.00,1425.00,1445.00,15.00,6526.00,1431.00,1423.00,1348.50,1358.10,1257.28,1436.43,1418.56,55.40,20.44,23.25,-2.81,1257.28,1423.00,5,1650.67
6608704.00,9392555008.00,1390.00,1445.00,1390.00,1420.00,20.00,9999.00,1423.00,1417.75,1340.92,1349.20,1252.88,1419.84,1409.47,53.17,20.09,25.57,-5.48,1252.88,1417.75,1,1755.87
7526306.00,10959336448.00,1450.00,1470.00,1430.00,1460.00,40.00,12053.00,1427.00,1419.75,1343.42,1352.30,1254.52,1433.23,1414.28,58.04,21.80,24.82,-3.02,1254.52,1419.75,2,1735.65
5593733.00,8016912896.00,1450.00,1455.00,1420.00,1430.00,-30.00,8875.00,1420.00,1420.25,1345.58,1354.80,1255.85,1432.15,1415.78,53.54,20.50,23.96,-3.45,1255.85,1420.25,3,1698.56
4054089.00,5848835072.00,1425.00,1455.00,1425.00,1445.00,15.00,6526.00,1431.00,1423.00,1348.50,1358.10,1257.28,1436.43,1418.56,55.40,20.44,23.25,-2.81,1257.28,1423.00,4,1704.12
4729517.00,6929917440.00,1440.00,1475.00,1435.00,1465.00,20.00,9236.00,1444.00,1425.75,1351.00,1361.50,1258.62,1445.96,1422.99,57.83,21.76,22.96,-1.19,1258.62,1425.75,5,1651.94
7526306.00,10959336448.00,1450.00,1470.00,1430.00,1460.00,40.00,12053.00,1427.00,1419.75,1343.42,1352.30,1254.52,1433.23,1414.28,58.04,21.80,24.82,-3.02,1254.52,1419.75,1,1756.54
5593733.00,8016912896.00,1450.00,1455.00,1420.00,1430.00,-30.00,8875.00,1420.00,1420.25,1345.58,1354.80,1255.85,1432.15,1415.78,53.54,20.50,23.96,-3.45,1255.85,1420.25,2,1736.02
4054089.00,5848835072.00,1425.00,1455.00,1425.00,1445.00,15.00,6526.00,1431.00,1423.00,1348.50,1358.10,1257.28,1436.43,1418.56,55.40,20.44,23.25,-2.81,1257.28,1423.00,3,1699.25
4729517.00,6929917440.00,1440.00,1475.00,1435.00,1465.00,20.00,9236.00,1444.00,1425.75,1351.00,1361.50,1258.62,1445.96,1422.99,57.83,21.76,22.96,-1.19,1258.62,1425.75,4,1704.88
6939769.00,10271774720.00,1480.00,1495.00,1465.00,1465.00,0.00,11316.00,1453.00,1428.75,1353.17,1365.50,1260.15,1452.30,1426.99,57.83,22.55,22.87,-0.33,1260.15,1428.75,5,1652.41
5593733.00,8016912896.00,1450.00,1455.00,1420.00,1430.00,-30.00,8875.00,1420.00,1420.25,1345.58,1354.80,1255.85,1432.15,1415.78,53.54,20.50,23.96,-3.45,1255.85,1420.25,1,1758.22
4054089.00,5848835072.00,1425.00,1455.00,1425.00,1445.00,15.00,6526.00,1431.00,1423.00,1348.50,1358.10,1257.28,1436.43,1418.56,55.40,20.44,23.25,-2.81,1257.28,1423.00,2,1737.95
4729517.00,6929917440.00,1440.00,1475.00,1435.00,1465.00,20.00,9236.00,1444.00,1425.75,1351.00,1361.50,1258.62,1445.96,1422.99,57.83,21.76,22.96,-1.19,1258.62,1425.75,3,1700.35
6939769.00,10271774720.00,1480.00,1495.00,1465.00,1465.00,0.00,11316.00,1453.00,1428.75,1353.17,1365.50,1260.15,1452.30,1426.99,57.83,22.55,22.87,-0.33,1260.15,1428.75,4,1706.68
19472384.00,28977442816.00,1420.00,1525.00,1415.00,1500.00,35.00,28334.00,1461.00,1433.25,1356.50,1370.40,1261.82,1468.20,1433.94,62.02,25.70,23.44,2.26,1261.82,1433.25,5,1654.75
4054089.00,5848835072.00,1425.00,1455.00,1425.00,1445.00,15.00,6526.00,1431.00,1423.00,1348.50,1358.10,1257.28,1436.43,1418.56,55.40,20.44,23.25,-2.81,1257.28,1423.00,1,1757.61
4729517.00,6929917440.00,1440.00,1475.00,1435.00,1465.00,20.00,9236.00,1444.00,1425.75,1351.00,1361.50,1258.62,1445.96,1422.99,57.83,21.76,22.96,-1.19,1258.62,1425.75,2,1737.03
6939769.00,10271774720.00,1480.00,1495.00,1465.00,1465.00,0.00,11316.00,1453.00,1428.75,1353.17,1365.50,1260.15,1452.30,1426.99,57.83,22.55,22.87,-0.33,1260.15,1428.75,3,1700.22
19472384.00,28977442816.00,1420.00,1525.00,1415.00,1500.00,35.00,28334.00,1461.00,1433.25,1356.50,1370.40,1261.82,1468.20,1433.94,62.02,25.70,23.44,2.26,1261.82,1433.25,4,1706.28
8418410.00,12648914944.00,1510.00,1530.00,1480.00,1490.00,-10.00,18290.00,1473.00,1436.75,1359.83,1375.50,1263.48,1475.47,1439.28,60.18,27.08,24.17,2.91,1263.48,1436.75,5,1653.89
4729517.00,6929917440.00,1440.00,1475.00,1435.00,1465.00,20.00,9236.00,1444.00,1425.75,1351.00,1361.50,1258.62,1445.96,1422.99,57.83,21.76,22.96,-1.19,1258.62,1425.75,1,1760.98
6939769.00,10271774720.00,1480.00,1495.00,1465.00,1465.00,0.00,11316.00,1453.00,1428.75,1353.17,1365.50,1260.15,1452.30,1426.99,57.83,22.55,22.87,-0.33,1260.15,1428.75,2,1740.74
19472384.00,28977442816.00,1420.00,1525.00,1415.00,1500.00,35.00,28334.00,1461.00,1433.25,1356.50,1370.40,1261.82,1468.20,1433.94,62.02,25.70,23.44,2.26,1261.82,1433.25,3,1702.07
8418410.00,12648914944.00,1510.00,1530.00,1480.00,1490.00,-10.00,18290.00,1473.00,1436.75,1359.83,1375.50,1263.48,1475.47,1439.28,60.18,27.08,24.17,2.91,1263.48,1436.75,4,1709.76
9272623.00,14081050624.00,1505.00,1530.00,1490.00,1525.00,35.00,13028.00,1489.00,1441.50,1363.75,1380.60,1265.35,1491.98,1447.44,64.19,30.64,25.46,5.18,1265.35,1441.50,5,1657.96
6939769.00,10271774720.00,1480.00,1495.00,1465.00,1465.00,0.00,11316.00,1453.00,1428.75,1353.17,1365.50,1260.15,1452.30,1426.99,57.83,22.55,22.87,-0.33,1260.15,1428.75,1,1760.45
19472384.00,28977442816.00,1420.00,1525.00,1415.00,1500.00,35.00,28334.00,1461.00,1433.25,1356.50,1370.40,1261.82,1468.20,1433.94,62.02,25.70,23.44,2.26,1261.82,1433.25,2,1739.85
8418410.00,12648914944.00,1510.00,1530.00,1480.00,1490.00,-10.00,18290.00,1473.00,1436.75,1359.83,1375.50,1263.48,1475.47,1439.28,60.18,27.08,24.17,2.91,1263.48,1436.75,3,1702.01
9272623.00,14081050624.00,1505.00,1530.00,1490.00,1525.00,35.00,13028.00,1489.00,1441.50,1363.75,1380.60,1265.35,1491.98,1447.44,64.19,30.64,25.46,5.18,1265.35,1441.50,4,1709.45
9633472.00,14822105088.00,1530.00,1570.00,1520.00,1525.00,0.00,17483.00,1501.00,1446.75,1367.58,1386.30,1267.18,1502.99,1454.83,64.19,33.08,26.98,6.10,1267.18,1446.75,5,1657.27
19472384.00,28977442816.00,1420.00,1525.00,1415.00,1500.00,35.00,28334.00,1461.00,1433.25,1356.50,1370.40,1261.82,1468.20,1433.94,62.02,25.70,23.44,2.26,1261.82,1433.25,1,1760.23
8418410.00,12648914944.00,1510.00,1530.00,1480.00,1490.00,-10.00,18290.00,1473.00,1436.75,1359.83,1375.50,1263.48,1475.47,1439.28,60.18,27.08,24.17,2.91,1263.48,1436.75,2,1739.76
9272623.00,14081050624.00,1505.00,1530.00,1490.00,1525.00,35.00,13028.00,1489.00,1441.50,1363.75,1380.60,1265.35,1491.98,1447.44,64.19,30.64,25.46,5.18,1265.35,1441.50,3,1701.84
9633472.00,14822105088.00,1530.00,1570.00,1520.00,1525.00,0.00,17483.00,1501.00,1446.75,1367.58,1386.30,1267.18,1502.99,1454.83,64.19,33.08,26.98,6.10,1267.18,1446.75,4,1709.29
7062069.00,10728690688.00,1525.00,1530.00,1505.00,1525.00,0.00,11358.00,1513.00,1452.25,1371.50,1391.10,1268.82,1510.32,1461.51,64.19,34.62,28.51,6.11,1268.82,1452.25,5,1657.00
8418410.00,12648914944.00,1510.00,1530.00,1480.00,1490.00,-10.00,18290.00,1473.00,1436.75,1359.83,1375.50,1263.48,1475.47,1439.28,60.18,27.08,24.17,2.91,1263.48,1436.75,1,1756.70
9272623.00,14081050624.00,1505.00,1530.00,1490.00,1525.00,35.00,13028.00,1489.00,1441.50,1363.75,1380.60,1265.35,1491.98,1447.44,64.19,30.64,25.46,5.18,1265.35,1441.50,2,1735.87
9633472.00,14822105088.00,1530.00,1570.00,1520.00,1525.00,0.00,17483.00,1501.00,1446.75,1367.58,1386.30,1267.18,1502.99,1454.83,64.19,33.08,26.98,6.10,1267.18,1446.75,3,1699.90
7062069.00,10728690688.00,1525.00,1530.00,1505.00,1525.00,0.00,11358.00,1513.00,1452.25,1371.50,1391.10,1268.82,1510.32,1461.51,64.19,34.62,28.51,6.11,1268.82,1452.25,4,1705.54
9291243.00,13801283584.00,1505.00,1510.00,1475.00,1480.00,-45.00,19899.00,1509.00,1458.75,1374.42,1395.20,1270.22,1500.22,1463.27,55.26,31.84,29.18,2.66,1270.22,1458.75,5,1652.47
9272623.00,14081050624.00,1505.00,1530.00,1490.00,1525.00,35.00,13028.00,1489.00,1441.50,1363.75,1380.60,1265.35,1491.98,1447.44,64.19,30.64,25.46,5.18,1265.35,1441.50,1,1760.40
9633472.00,14822105088.00,1530.00,1570.00,1520.00,1525.00,0.00,17483.00,1501.00,1446.75,1367.58,1386.30,1267.18,1502.99,1454.83,64.19,33.08,26.98,6.10,1267.18,1446.75,2,1740.09
7062069.00,10728690688.00,1525.00,1530.00,1505.00,1525.00,0.00,11358.00,1513.00,1452.25,1371.50,1391.10,1268.82,1510.32,1461.51,64.19,34.62,28.51,6.11,1268.82,1452.25,3,1701.39
9291243.00,13801283584.00,1505.00,1510.00,1475.00,1480.00,-45.00,19899.00,1509.00,1458.75,1374.42,1395.20,1270.22,1500.22,1463.27,55.26,31.84,29.18,2.66,1270.22,1458.75,4,1708.87
8734703.00,13207678976.00,1490.00,1530.00,1490.00,1510.00,30.00,11192.00,1513.00,1466.00,1377.83,1400.10,1271.88,1503.48,1467.72,59.32,31.69,29.68,2.01,1271.88,1466.00,5,1656.65
9633472.00,14822105088.00,1530.00,1570.00,1520.00,1525.00,0.00,17483.00,1501.00,1446.75,1367.58,1386.30,1267.18,1502.99,1454.83,64.19,33.08,26.98,6.10,1267.18,1446.75,1,1756.69
7062069.00,10728690688.00,1525.00,1530.00,1505.00,1525.00,0.00,11358.00,1513.00,1452.25,1371.50,1391.10,1268.82,1510.32,1461.51,64.19,34.62,28.51,6.11,1268.82,1452.25,2,1735.88
9291243.00,13801283584.00,1505.00,1510.00,1475.00,1480.00,-45.00,19899.00,1509.00,1458.75,1374.42,1395.20,1270.22,1500.22,1463.27,55.26,31.84,29.18,2.66,1270.22,1458.75,3,1699.38
8734703.00,13207678976.00,1490.00,1530.00,1490.00,1510.00,30.00,11192.00,1513.00,1466.00,1377.83,1400.10,1271.88,1503.48,1467.72,59.32,31.69,29.68,2.01,1271.88,1466.00,4,1705.22
8078186.00,12184246272.00,1530.00,1540.00,1480.00,1485.00,-25.00,21212.00,1505.00,1469.00,1381.25,1403.60,1273.75,1497.32,1469.37,54.85,29.22,29.59,-0.37,1273.75,1469.00,5,1652.28
7062069.00,10728690688.00,1525.00,1530.00,1505.00,1525.00,0.00,11358.00,1513.00,1452.25,1371.50,1391.10,1268.82,1510.32,1461.51,64.19,34.62,28.51,6.11,1268.82,1452.25,1,1759.64
9291243.00,13801283584.00,1505.00,1510.00,1475.00,1480.00,-45.00,19899.00,1509.00,1458.75,1374.42,1395.20,1270.22,1500.22,1463.27,55.26,31.84,29.18,2.66,1270.22,1458.75,2,1739.38
8734703.00,13207678976.00,1490.00,1530.00,1490.00,1510.00,30.00,11192.00,1513.00,1466.00,1377.83,1400.10,1271.88,1503.48,1467.72,59.32,31.69,29.68,2.01,1271.88,1466.00,3,1700.86
8078186.00,12184246272.00,1530.00,1540.00,1480.00,1485.00,-25.00,21212.00,1505.00,1469.00,1381.25,1403.60,1273.75,1497.32,1469.37,54.85,29.22,29.59,-0.37,1273.75,1469.00,4,1707.99
4801436.00,7239919104.00,1495.00,1520.00,1485.00,1520.00,35.00,7853.00,1504.00,1470.50,1385.00,1408.40,1276.07,1504.88,1474.19,59.46,29.74,29.62,0.12,1276.07,1470.50,5,1655.81
9291243.00,13801283584.00,1505.00,1510.00,1475.00,1480.00,-45.00,19899.00,1509.00,1458.75,1374.42,1395.20,1270.22,1500.22,1463.27,55.26,31.84,29.18,2.66,1270.22,1458.75,1,1757.11
8734703.00,13207678976.00,1490.00,1530.00,1490.00,1510.00,30.00,11192.00,1513.00,1466.00,1377.83,1400.10,1271.88,1503.48,1467.72,59.32,31.69,29.68,2.01,1271.88,1466.00,2,1736.48
8078186.00,12184246272.00,1530.00,1540.00,1480.00,1485.00,-25.00,21212.00,1505.00,1469.00,1381.25,1403.60,1273.75,1497.32,1469.37,54.85,29.22,29.59,-0.37,1273.75,1469.00,3,1699.71
4801436.00,7239919104.00,1495.00,1520.00,1485.00,1520.00,35.00,7853.00,1504.00,1470.50,1385.00,1408.40,1276.07,1504.88,1474.19,59.46,29.74,29.62,0.12,1276.07,1470.50,4,1705.53
4867021.00,7398871040.00,1515.00,1535.00,1505.00,1505.00,-15.00,8554.00,1500.00,1472.25,1389.00,1412.90,1278.35,1504.92,1477.13,56.78,28.61,29.42,-0.80,1278.35,1472.25,5,1652.85
8734703.00,13207678976.00,1490.00,1530.00,1490.00,1510.00,30.00,11192.00,1513.00,1466.00,1377.83,1400.10,1271.88,1503.48,1467.72,59.32,31.69,29.68,2.01,1271.88,1466.00,1,1760.42
8078186.00,12184246272.00,1530.00,1540.00,1480.00,1485.00,-25.00,21212.00,1505.00,1469.00,1381.25,1403.60,1273.75,1497.32,1469.37,54.85,29.22,29.59,-0.37,1273.75,1469.00,2,1740.45
4801436.00,7239919104.00,1495.00,1520.00,1485.00,1520.00,35.00,7853.00,1504.00,1470.50,1385.00,1408.40,1276.07,1504.88,1474.19,59.46,29.74,29.62,0.12,1276.07,1470.50,3,1701.58
4867021.00,7398871040.00,1515.00,1535.00,1505.00,1505.00,-15.00,8554.00,1500.00,1472.25,1389.00,1412.90,1278.35,1504.92,1477.13,56.78,28.61,29.42,-0.80,1278.35,1472.25,4,1708.81
8095856.00,12386691072.00,1515.00,1545.00,1510.00,1545.00,40.00,11050.00,1513.00,1477.50,1393.83,1418.80,1280.82,1518.28,1483.59,61.73,30.60,29.65,0.94,1280.82,1477.50,5,1657.04
8078186.00,12184246272.00,1530.00,1540.00,1480.00,1485.00,-25.00,21212.00,1505.00,1469.00,1381.25,1403.60,1273.75,1497.32,1469.37,54.85,29.22,29.59,-0.37,1273.75,1469.00,1,1757.97
4801436.00,7239919104.00,1495.00,1520.00,1485.00,1520.00,35.00,7853.00,1504.00,1470.50,1385.00,1408.40,1276.07,1504.88,1474.19,59.46,29.74,29.62,0.12,1276.07,1470.50,2,1737.54
4867021.00,7398871040.00,1515.00,1535.00,1505.00,1505.00,-15.00,8554.00,1500.00,1472.25,1389.00,1412.90,1278.35,1504.92,1477.13,56.78,28.61,29.42,-0.80,1278.35,1472.25,3,1700.40
8095856.00,12386691072.00,1515.00,1545.00,1510.00,1545.00,40.00,11050.00,1513.00,1477.50,1393.83,1418.80,1280.82,1518.28,1483.59,61.73,30.60,29.65,0.94,1280.82,1477.50,4,1706.58
5461888.00,8359528960.00,1550.00,1550.00,1520.00,1535.00,-10.00,8901.00,1518.00,1481.00,1398.83,1424.40,1283.54,1523.85,1488.49,59.88,31.00,29.92,1.08,1283.54,1481.00,5,1654.20
4801436.00,7239919104.00,1495.00,1520.00,1485.00,1520.00,35.00,7853.00,1504.00,1470.50,1385.00,1408.40,1276.07,1504.88,1474.19,59.46,29.74,29.62,0.12,1276.07,1470.50,1,1758.80
4867021.00,7398871040.00,1515.00,1535.00,1505.00,1505.00,-15.00,8554.00,1500.00,1472.25,1389.00,1412.90,1278.35,1504.92,1477.13,56.78,28.61,29.42,-0.80,1278.35,1472.25,2,1738.65
8095856.00,12386691072.00,1515.00,1545.00,1510.00,1545.00,40.00,11050.00,1513.00,1477.50,1393.83,1418.80,1280.82,1518.28,1483.59,61.73,30.60,29.65,0.94,1280.82,1477.50,3,1700.76
5461888.00,8359528960.00,1550.00,1550.00,1520.00,1535.00,-10.00,8901.00,1518.00,1481.00,1398.83,1424.40,1283.54,1523.85,1488.49,59.88,31.00,29.92,1.08,1283.54,1481.00,4,1707.32
4710329.00,7242322432.00,1535.00,1545.00,1525.00,1540.00,5.00,7304.00,1529.00,1488.50,1403.33,1430.10,1286.40,1529.24,1493.39,60.52,31.37,30.21,1.16,1286.40,1488.50,5,1655.12
4867021.00,7398871040.00,1515.00,1535.00,1505.00,1505.00,-15.00,8554.00,1500.00,1472.25,1389.00,1412.90,1278.35,1504.92,1477.13,56.78,28.61,29.42,-0.80,1278.35,1472.25,1,1755.37
8095856.00,12386691072.00,1515.00,1545.00,1510.00,1545.00,40.00,11050.00,1513.00,1477.50,1393.83,1418.80,1280.82,1518.28,1483.59,61.73,30.60,29.65,0.94,1280.82,1477.50,2,1734.87
5461888.00,8359528960.00,1550.00,1550.00,1520.00,1535.00,-10.00,8901.00,1518.00,1481.00,1398.83,1424.40,1283.54,1523.85,1488.49,59.88,31.00,29.92,1.08,1283.54,1481.00,3,1698.91
4710329.00,7242322432.00,1535.00,1545.00,1525.00,1540.00,5.00,7304.00,1529.00,1488.50,1403.33,1430.10,1286.40,1529.24,1493.39,60.52,31.37,30.21,1.16,1286.40,1488.50,4,1703.78
7150167.00,10837848064.00,1545.00,1545.00,1500.00,1500.00,-40.00,19681.00,1525.00,1493.50,1407.67,1433.90,1289.05,1519.49,1494.02,53.25,28.10,29.79,-1.69,1289.05,1493.50,5,1650.88
8095856.00,12386691072.00,1515.00,1545.00,1510.00,1545.00,40.00,11050.00,1513.00,1477.50,1393.83,1418.80,1280.82,1518.28,1483.59,61.73,30.60,29.65,0.94,1280.82,1477.50,1,1756.71
5461888.00,8359528960.00,1550.00,1550.00,1520.00,1535.00,-10.00,8901.00,1518.00,1481.00,1398.83,1424.40,1283.54,1523.85,1488.49,59.88,31.00,29.92,1.08,1283.54,1481.00,2,1736.61
4710329.00,7242322432.00,1535.00,1545.00,1525.00,1540.00,5.00,7304.00,1529.00,1488.50,1403.33,1430.10,1286.40,1529.24,1493.39,60.52,31.37,30.21,1.16,1286.40,1488.50,3,1699.06
7150167.00,10837848064.00,1545.00,1545.00,1500.00,1500.00,-40.00,19681.00,1525.00,1493.50,1407.67,1433.90,1289.05,1519.49,1494.02,53.25,28.10,29.79,-1.69,1289.05,1493.50,4,1704.78
5756665.00,8675140608.00,1500.00,1525.00,1490.00,1510.00,10.00,8561.00,1526.00,1498.00,1411.42,1437.80,1291.55,1516.33,1495.54,54.72,26.03,29.04,-3.01,1291.55,1498.00,5,1652.33
5461888.00,8359528960.00,1550.00,1550.00,1520.00,1535.00,-10.00,8901.00,1518.00,1481.00,1398.83,1424.40,1283.54,1523.85,1488.49,59.88,31.00,29.92,1.08,1283.54,1481.00,1,1758.22
4710329.00,7242322432.00,1535.00,1545.00,1525.00,1540.00,5.00,7304.00,1529.00,1488.50,1403.33,1430.10,1286.40,1529.24,1493.39,60.52,31.37,30.21,1.16,1286.40,1488.50,2,1738.02
7150167.00,10837848064.00,1545.00,1545.00,1500.00,1500.00,-40.00,19681.00,1525.00,1493.50,1407.67,1433.90,1289.05,1519.49,1494.02,53.25,28.10,29.79,-1.69,1289.05,1493.50,3,1699.86
5756665.00,8675140608.00,1500.00,1525.00,1490.00,1510.00,10.00,8561.00,1526.00,1498.00,1411.42,1437.80,1291.55,1516.33,1495.54,54.72,26.03,29.04,-3.01,1291.55,1498.00,4,1706.23
6497488.00,9923578880.00,1500.00,1545.00,1495.00,1545.00,35.00,9834.00,1526.00,1502.25,1415.92,1442.30,1294.36,1525.88,1500.25,59.50,26.89,28.61,-1.72,1294.36,1502.25,5,1654.19
4710329.00,7242322432.00,1535.00,1545.00,1525.00,1540.00,5.00,7304.00,1529.00,1488.50,1403.33,1430.10,1286.40,1529.24,1493.39,60.52,31.37,30.21,1.16,1286.40,1488.50,1,1757.52
7150167.00,10837848064.00,1545.00,1545.00,1500.00,1500.00,-40.00,19681.00,1525.00,1493.50,1407.67,1433.90,1289.05,1519.49,1494.02,53.25,28.10,29.79,-1.69,1289.05,1493.50,2,1737.13
5756665.00,8675140608.00,1500.00,1525.00,1490.00,1510.00,10.00,8561.00,1526.00,1498.00,1411.42,1437.80,1291.55,1516.33,1495.54,54.72,26.03,29.04,-3.01,1291.55,1498.00,3,1699.83
6497488.00,9923578880.00,1500.00,1545.00,1495.00,1545.00,35.00,9834.00,1526.00,1502.25,1415.92,1442.30,1294.36,1525.88,1500.25,59.50,26.89,28.61,-1.72,1294.36,1502.25,4,1705.67
8502805.00,13096693760.00,1525.00,1560.00,1510.00,1550.00,5.00,13187.00,1529.00,1508.25,1420.67,1446.80,1297.09,1533.92,1504.99,60.14,27.66,28.42,-0.76,1297.09,1508.25,5,1653.44
7150167.00,10837848064.00,1545.00,1545.00,1500.00,1500.00,-40.00,19681.00,1525.00,1493.50,1407.67,1433.90,1289.05,1519.49,1494.02,53.25,28.10,29.79,-1.69,1289.05,1493.50,1,1758.23
5756665.00,8675140608.00,1500.00,1525.00,1490.00,1510.00,10.00,8561.00,1526.00,1498.00,1411.42,1437.80,1291.55,1516.33,1495.54,54.72,26.03,29.04,-3.01,1291.55,1498.00,2,1737.94
6497488.00,9923578880.00,1500.00,1545.00,1495.00,1545.00,35.00,9834.00,1526.00,1502.25,1415.92,1442.30,1294.36,1525.88,1500.25,59.50,26.89,28.61,-1.72,1294.36,1502.25,3,1700.26
8502805.00,13096693760.00,1525.00,1560.00,1510.00,1550.00,5.00,13187.00,1529.00,1508.25,1420.67,1446.80,1297.09,1533.92,1504.99,60.14,27.66,28.42,-0.76,1297.09,1508.25,4,1706.49
8063842.00,12531654656.00,1555.00,1575.00,1525.00,1560.00,10.00,12099.00,1533.00,1514.00,1424.83,1451.90,1299.81,1542.62,1510.23,61.47,28.75,28.49,0.27,1299.81,1514.00,5,1654.34
5756665.00,8675140608.00,1500.00,1525.00,1490.00,1510.00,10.00,8561.00,1526.00,1498.00,1411.42,1437.80,1291.55,1516.33,1495.54,54.72,26.03,29.04,-3.01,1291.55,1498.00,1,1754.75
6497488.00,9923578880.00,1500.00,1545.00,1495.00,1545.00,35.00,9834.00,1526.00,1502.25,1415.92,1442.30,1294.36,1525.88,1500.25,59.50,26.89,28.61,-1.72,1294.36,1502.25,2,1734.36
8502805.00,13096693760.00,1525.00,1560.00,1510.00,1550.00,5.00,13187.00,1529.00,1508.25,1420.67,1446.80,1297.09,1533.92,1504.99,60.14,27.66,28.42,-0.76,1297.09,1508.25,3,1698.66
8063842.00,12531654656.00,1555.00,1575.00,1525.00,1560.00,10.00,12099.00,1533.00,1514.00,1424.83,1451.90,1299.81,1542.62,1510.23,61.47,28.75,28.49,0.27,1299.81,1514.00,4,1703.01
12022234.00,18461919232.00,1555.00,1575.00,1515.00,1515.00,-45.00,19253.00,1536.00,1516.50,1428.75,1455.70,1302.43,1533.41,1510.68,52.94,25.68,27.93,-2.24,1302.43,1516.50,5,1650.30
6497488.00,9923578880.00,1500.00,1545.00,1495.00,1545.00,35.00,9834.00,1526.00,1502.25,1415.92,1442.30,1294.36,1525.88,1500.25,59.50,26.89,28.61,-1.72,1294.36,1502.25,1,1751.84
8502805.00,13096693760.00,1525.00,1560.00,1510.00,1550.00,5.00,13187.00,1529.00,1508.25,1420.67,1446.80,1297.09,1533.92,1504.99,60.14,27.66,28.42,-0.76,1297.09,1508.25,2,1731.58
8063842.00,12531654656.00,1555.00,1575.00,1525.00,1560.00,10.00,12099.00,1533.00,1514.00,1424.83,1451.90,1299.81,1542.62,1510.23,61.47,28.75,28.49,0.27,1299.81,1514.00,3,1696.50
12022234.00,18461919232.00,1555.00,1575.00,1515.00,1515.00,-45.00,19253.00,1536.00,1516.50,1428.75,1455.70,1302.43,1533.41,1510.68,52.94,25.68,27.93,-2.24,1302.43,1516.50,4,1699.71
11544404.00,17065860096.00,1490.00,1495.00,1465.00,1470.00,-45.00,30460.00,1528.00,1516.75,1431.92,1458.10,1304.78,1512.27,1506.81,46.05,19.40,26.22,-6.82,1304.78,1516.75,5,1646.57
8502805.00,13096693760.00,1525.00,1560.00,1510.00,1550.00,5.00,13187.00,1529.00,1508.25,1420.67,1446.80,1297.09,1533.92,1504.99,60.14,27.66,28.42,-0.76,1297.09,1508.25,1,1753.55
8063842.00,12531654656.00,1555.00,1575.00,1525.00,1560.00,10.00,12099.00,1533.00,1514.00,1424.83,1451.90,1299.81,1542.62,1510.23,61.47,28.75,28.49,0.27,1299.81,1514.00,2,1733.64
12022234.00,18461919232.00,1555.00,1575.00,1515.00,1515.00,-45.00,19253.00,1536.00,1516.50,1428.75,1455.70,1302.43,1533.41,1510.68,52.94,25.68,27.93,-2.24,1302.43,1516.50,3,1696.60
11544404.00,17065860096.00,1490.00,1495.00,1465.00,1470.00,-45.00,30460.00,1528.00,1516.75,1431.92,1458.10,1304.78,1512.27,1506.81,46.05,19.40,26.22,-6.82,1304.78,1516.75,4,1701.03
8330012.00,12336289792.00,1435.00,1510.00,1435.00,1505.00,35.00,15675.00,1520.00,1517.00,1436.17,1461.20,1307.10,1509.85,1506.64,51.35,17.05,24.39,-7.34,1307.10,1517.00,5,1648.69
8063842.00,12531654656.00,1555.00,1575.00,1525.00,1560.00,10.00,12099.00,1533.00,1514.00,1424.83,1451.90,1299.81,1542.62,1510.23,61.47,28.75,28.49,0.27,1299.81,1514.00,1,1753.51
12022234.00,18461919232.00,1555.00,1575.00,1515.00,1515.00,-45.00,19253.00,1536.00,1516.50,1428.75,1455.70,1302.43,1533.41,1510.68,52.94,25.68,27.93,-2.24,1302.43,1516.50,2,1733.01
11544404.00,17065860096.00,1490.00,1495.00,1465.00,1470.00,-45.00,30460.00,1528.00,1516.75,1431.92,1458.10,1304.78,1512.27,1506.81,46.05,19.40,26.22,-6.82,1304.78,1516.75,3,1696.88
8330012.00,12336289792.00,1435.00,1510.00,1435.00,1505.00,35.00,15675.00,1520.00,1517.00,1436.17,1461.20,1307.10,1509.85,1506.64,51.35,17.05,24.39,-7.34,1307.10,1517.00,4,1700.89
6674087.00,10051018752.00,1505.00,1530.00,1490.00,1505.00,0.00,10556.00,1511.00,1517.75,1440.33,1463.70,1309.45,1508.23,1506.48,51.35,15.01,22.51,-7.50,1309.45,1517.75,5,1648.20
12022234.00,18461919232.00,1555.00,1575.00,1515.00,1515.00,-45.00,19253.00,1536.00,1516.50,1428.75,1455.70,1302.43,1533.41,1510.68,52.94,25.68,27.93,-2.24,1302.43,1516.50,1,1751.67
11544404.00,17065860096.00,1490.00,1495.00,1465.00,1470.00,-45.00,30460.00,1528.00,1516.75,1431.92,1458.10,1304.78,1512.27,1506.81,46.05,19.40,26.22,-6.82,1304.78,1516.75,2,1731.24
8330012.00,12336289792.00,1435.00,1510.00,1435.00,1505.00,35.00,15675.00,1520.00,1517.00,1436.17,1461.20,1307.10,1509.85,1506.64,51.35,17.05,24.39,-7.34,1307.10,1517.00,3,1695.77
6674087.00,10051018752.00,1505.00,1530.00,1490.00,1505.00,0.00,10556.00,1511.00,1517.75,1440.33,1463.70,1309.45,1508.23,1506.48,51.35,15.01,22.51,-7.50,1309.45,1517.75,4,1699.15
3240661.00,4847368192.00,1505.00,1510.00,1485.00,1495.00,-10.00,8829.00,1498.00,1516.25,1444.33,1465.40,1311.70,1503.82,1505.39,49.73,12.44,20.50,-8.05,1311.70,1516.25,5,1646.26
