日期,成交股數,成交金額,開盤價,最高價,最低價,收盤價,漲跌價差,成交筆數,SMA_5,SMA_20,SMA_60,SMA_50,SMA_200,EMA_5,EMA_20,RSI,MACD,MACD_signal,MACD_hist,Support_Level,Resistance_Level,股票代碼
2024-12-03,"52,170,125","10,312,565,933",198.5,200.0,196.5,196.5,0.5,"47,992",196.0,206.3,198.14166666666668,202.77,175.6825,197.28359155686096,203.0256488715825,40.5662067380976,-2.642547660814813,-0.7968469227508774,-1.845700738063936,175.6825,206.3,2317
2024-12-03,"48,632,084","51,509,603,939",1060.0,1065.0,1055.0,1055.0,+20.00,"55,988",1018.2,1036.3,1011.2833333333332,1029.78,902.025,1029.1219719635176,1029.703911359821,56.4534109761843,-2.8142667707907094,-2.276151089406837,-0.5381156813838723,902.025,1036.3,2330
2024-12-03,"6,211,010","8,141,226,882",1325.0,1330.0,1295.0,1315.0,+5.00,"7,911",1277.0,1276.5,1242.0833333333333,1265.5,1208.18,1290.2854352009406,1278.5284097862416,57.2582708955509,4.8665353249150485,2.7162589987465,2.1502763261685485,1208.18,1276.5,2454
2024-12-04,"50,379,504","10,055,268,944",197.5,201.5,197.0,201.0,4.5,"32,459",196.9,205.675,198.5,203.26,176.1725,198.5223943712407,202.83272993143183,47.01781278696356,-2.432716434496569,-1.124020825100016,-1.3086956093965536,176.1725,205.675,2317
2024-12-04,"35,431,584","37,738,286,825",1065.0,1070.0,1055.0,1070.0,+15.00,"45,553",1032.2,1036.8,1014.3,1031.98,904.235,1042.7479813090115,1033.541634087457,59.54293138674789,0.8261040867714655,-1.6557000541711766,2.481804140942642,904.235,1036.8,2330
2024-12-04,"4,844,752","6,364,952,020",1315.0,1325.0,1305.0,1320.0,+5.00,"6,345",1291.0,1277.25,1245.1666666666667,1269.5,1210.13,1300.1902901339604,1282.4780850446948,58.03426686238821,7.611887067186217,3.6953846124344434,3.9165024547517735,1210.13,1277.25,2454
2024-12-05,"46,475,440","9,319,676,695",203.0,203.5,199.0,199.0,-2.0,"47,064",197.6,204.775,198.9,203.7,176.6575,198.6815962474938,202.46770803320024,44.69560347680794,-2.4001396453925565,-1.379244589158524,-1.0208950562340324,176.6575,204.775,2317
2024-12-05,"41,293,183","44,420,331,699",1070.0,1080.0,1070.0,1075.0,+5.00,"51,311",1046.2,1037.3,1017.1833333333332,1034.02,906.435,1053.4986542060078,1037.4900498886516,60.54771493856705,4.067692603815885,-0.5110215225737642,4.57871412638965,906.435,1037.3,2330
2024-12-05,"5,559,581","7,367,160,465",1325.0,1335.0,1310.0,1325.0,+5.00,"10,447",1305.0,1278.25,1248.75,1273.5,1212.075,1308.4601934226405,1286.5277912309143,58.8390474220124,10.07491892147641,4.971291474242837,5.103627447233573,1212.075,1278.25,2454
2024-12-06,"47,526,532","9,465,077,239",199.5,201.5,197.5,198.0,-1.0,"36,972",198.1,203.775,199.25833333333333,204.06,177.14,198.45439749832923,202.0422120300383,43.53773440659754,-2.4270365810473606,-1.5888029875362917,-0.8382335935110692,177.14,204.06,2317
2024-12-06,"32,090,124","34,306,935,479",1075.0,1080.0,1060.0,1065.0,-10.00,"33,697",1060.0,1036.05,1019.6333333333332,1035.78,908.53,1057.3324361373386,1040.110045137351,57.473323944831264,5.763322437923989,0.7438472695257864,5.019475168398203,908.53,1036.05,2330
2024-12-06,"4,364,288","5,747,214,795",1325.0,1340.0,1300.0,1305.0,-20.00,"11,555",1315.0,1279.5,1251.4166666666667,1276.7,1213.915,1307.3067956150935,1288.2870492089223,54.34930589937589,10.294389246957508,6.035911028785771,4.258478218171737,1213.915,1279.5,2454
2024-12-09,"41,114,306","8,084,426,101",198.5,199.0,195.0,195.0,-3.0,"55,012",197.9,202.525,199.64166666666668,204.3,177.61,197.30293166555285,201.37152517003463,40.17525789822265,-2.659767381562688,-1.8029958663415708,-0.8567715152211168,177.61,204.3,2317
2024-12-09,"30,255,281","32,409,791,931",1070.0,1075.0,1065.0,1075.0,+10.00,"25,230",1068.0,1035.55,1022.5666666666668,1037.54,910.42,1063.221624091559,1043.4328979814131,59.6782084484438,7.823849260226098,2.159847667665849,5.664001592560249,910.42,1037.54,2330
2024-12-09,"4,592,126","6,045,281,525",1320.0,1325.0,1300.0,1325.0,+20.00,"5,865",1318.0,1281.0,1255.0833333333333,1279.3,1215.68,1313.2045304100625,1291.7835207128344,57.8157980920614,11.944465550431689,7.217621933114954,4.726843617316733,1215.68,1281.0,2454
2024-12-10,"58,994,150","11,375,383,210",193.0,195.0,192.0,192.0,-3.0,"73,633",197.0,201.425,200.025,204.37,178.0625,195.53528777703525,200.4789989633647,37.090370685837655,-3.051111827760593,-2.052619058625376,-0.9984927691352176,178.0625,204.37,2317
2024-12-10,"32,359,253","34,496,134,808",1070.0,1075.0,1060.0,1065.0,-10.00,"31,326",1070.0,1036.3,1025.25,1038.74,912.33,1063.8144160610395,1045.486907697469,56.522268895631285,8.551340653651096,3.4381462648628984,5.113194388788197,912.33,1038.74,2330
2024-12-10,"8,230,114","11,015,978,916",1315.0,1360.0,1310.0,1350.0,+25.00,"12,323",1325.0,1285.25,1258.75,1281.8,1217.58,1325.4696869400418,1297.3279473116122,61.72797903711695,15.095443103860816,8.793186167264126,6.30225693659669,1217.58,1285.25,2454
2024-12-11,"66,246,732","12,596,425,979",190.0,194.0,189.0,189.0,-3.0,"86,964",194.6,200.15,200.35,204.36,178.4925,193.3568585180236,199.38576096685372,34.25753484492984,-3.562266458510948,-2.35454853860249,-1.2077179199084576,178.4925,204.36,2317
2024-12-11,"26,948,940","28,278,772,503",1045.0,1060.0,1045.0,1045.0,-20.00,"47,194",1065.0,1036.8,1027.65,1039.34,914.165,1057.542944040693,1045.440535535805,50.742631836592864,7.428419772104689,4.236200966311257,3.1922188057934324,914.165,1039.34,2330
2024-12-11,"7,633,823","10,191,659,690",1320.0,1355.0,1305.0,1350.0, 0.00,"9,374",1331.0,1290.0,1262.75,1283.4,1219.515,1333.646457960028,1302.3443332819347,61.72797903711696,17.392129869609107,10.512974907733122,6.879154961875985,1219.515,1290.0,2454
2024-12-12,"50,634,757","9,624,979,364",190.5,193.0,188.5,188.5,-0.5,"51,432",192.5,199.0,200.53333333333333,204.31,178.9175,191.73790567868235,198.34902182715345,33.79426222099958,-3.962034144044594,-2.676045659690911,-1.285988484353683,178.9175,204.31,2317
2024-12-12,"26,574,460","28,185,087,817",1060.0,1065.0,1055.0,1060.0,X0.00,"25,096",1062.0,1038.05,1029.65,1040.54,916.03,1058.3619626937957,1046.827151199062,54.50043615062845,7.660565294857861,4.9210738320205785,2.7394914628372824,916.03,1040.54,2330
2024-12-12,"8,447,774","11,722,376,470",1370.0,1400.0,1370.0,1380.0,+30.00,"20,476",1342.0,1297.25,1266.5,1285.8,1221.505,1349.0976386400189,1309.7401110646076,66.10300744388955,21.386489815769664,12.687677889340431,8.698811926429233,1221.505,1297.25,2454
2024-12-13,"55,417,050","10,371,852,143",188.5,189.5,185.5,186.5,-2.0,"78,777",190.2,197.975,200.7083333333333,204.29,179.335,189.9919371191216,197.22054355790075,31.93398235840423,-4.389635217963615,-3.018763571345452,-1.3708716466181636,179.335,204.29,2317
2024-12-13,"24,329,785","25,873,117,992",1060.0,1070.0,1055.0,1065.0,+5.00,"25,787",1062.0,1039.55,1031.6166666666666,1042.7,917.95,1060.5746417958635,1048.5578987039132,55.71326644137788,8.154006199637706,5.567660305544004,2.586345894093702,917.95,1042.7,2330
2024-12-13,"6,733,740","9,392,980,005",1385.0,1410.0,1365.0,1410.0,+30.00,"14,746",1363.0,1304.25,1271.25,1290.5,1223.65,1369.3984257600123,1319.2886719155972,69.81856542942845,26.6654158155734,15.483225474587025,11.182190340986372,1223.65,1304.25,2454
2024-12-16,"75,228,642","13,834,643,194",188.0,189.5,181.5,182.0,-4.5,"96,744",187.6,196.95,200.725,204.19,179.7275,187.3279580794144,195.7709679809578,28.175792951981844,-5.033600330373503,-3.4217309231510624,-1.6118694072224402,179.7275,204.19,2317
2024-12-16,"43,679,921","47,253,709,874",1085.0,1085.0,1075.0,1085.0,+20.00,"53,568",1064.0,1042.55,1033.9166666666667,1044.96,919.915,1068.7164278639093,1052.028575017826,60.274731169491616,10.043123646976255,6.462752973830455,3.5803706731458007,919.915,1044.96,2330
2024-12-16,"7,521,031","10,583,170,115",1435.0,1440.0,1385.0,1385.0,-25.00,"18,946",1375.0,1311.5,1275.5,1294.0,1225.5,1374.598950506675,1325.5468936379214,63.56556807083874,28.50314512236445,18.08720940414252,10.415935718221943,1225.5,1311.5,2454
2024-12-17,"55,667,607","10,220,503,792",181.0,186.0,181.0,183.0,1.0,"47,278",185.8,195.925,200.875,203.97,180.1275,185.8853053862763,194.55468531610467,30.14325383063024,-5.400996354849923,-3.817584009490835,-1.583412345359088,180.1275,203.97,2317
2024-12-17,"40,033,595","43,428,037,809",1090.0,1095.0,1075.0,1075.0,-10.00,"42,830",1066.0,1044.3,1036.15,1046.92,921.805,1070.810951909273,1054.2163297780332,57.107508671424455,10.61102906985434,7.292408193035232,3.3186208768191072,921.805,1046.92,2330
2024-12-17,"9,362,088","13,364,542,220",1390.0,1445.0,1390.0,1425.0,+40.00,"18,088",1390.0,1318.5,1280.8333333333333,1297.9,1227.125,1391.3993003377834,1335.0186180533574,68.4364522432849,32.80902255506544,21.03157203432709,11.77745052073834,1227.125,1318.5,2454
2024-12-18,"47,937,386","8,823,563,402",183.0,185.5,182.5,184.5,1.5,"36,056",184.9,194.85,201.00833333333333,203.71,180.5325,185.4235369241842,193.5970962383804,33.10341368572443,-5.50763430730467,-4.155594069053603,-1.3520402382510674,180.5325,203.71,2317
2024-12-18,"47,331,164","51,170,937,776",1075.0,1090.0,1070.0,1085.0,+10.00,"40,248",1074.0,1047.3,1038.2333333333331,1048.52,923.74,1075.540634606182,1057.148107894411,59.40473285079635,11.73276660550141,8.180479875528468,3.552286729972943,923.74,1048.52,2330
2024-12-18,"6,198,374","8,798,918,600",1430.0,1430.0,1405.0,1420.0,-5.00,"9,091",1404.0,1325.75,1285.8333333333333,1301.3,1228.65,1400.9328668918556,1343.1120830006566,67.22660188997439,35.40982085641167,23.90722179874401,11.50259905766766,1228.65,1325.75,2454
2024-12-19,"65,029,900","11,756,961,039",181.0,182.0,179.0,181.0,-3.5,"68,455",183.4,193.775,201.075,203.45,180.92,183.9490246161228,192.3973727871061,29.91776800427528,-5.807619776523609,-4.485999210547604,-1.321620565976005,180.92,203.45,2317
2024-12-19,"46,126,529","49,061,396,399",1065.0,1070.0,1055.0,1070.0,-15.00,"62,146",1076.0,1050.3,1039.85,1049.72,925.6,1073.6937564041214,1058.3720976187528,54.67449649853415,11.28133286157231,8.800650472737237,2.4806823888350724,925.6,1050.3,2330
2024-12-19,"6,719,997","9,496,773,480",1400.0,1430.0,1395.0,1420.0, 0.00,"10,465",1412.0,1333.5,1290.75,1305.2,1230.175,1407.2885779279038,1350.4347417624988,67.22660188997438,37.04395262121102,26.53456796323741,10.509384657973603,1230.175,1333.5,2454
2024-12-20,"56,744,328","10,296,646,083",181.0,184.0,180.0,181.0,0.0,"33,841",182.3,192.675,201.09166666666667,203.09,181.31,182.96601641074847,191.3119087121436,29.91776800427528,-5.976467425894327,-4.784092853616949,-1.1923745722773784,181.31,203.09,2317
2024-12-20,"56,392,109","58,923,043,065",1060.0,1060.0,1035.0,1035.0,-35.00,"85,875",1070.0,1050.05,1040.8166666666666,1050.02,927.325,1060.7958376027475,1056.146183559824,45.55870061884741,8.007060465484528,8.641932471286696,-0.6348720058021673,927.325,1050.05,2330
2024-12-20,"5,731,484","8,030,795,624",1420.0,1425.0,1390.0,1390.0,-30.00,"8,536",1408.0,1337.5,1294.8333333333333,1308.1,1231.425,1401.5257186186027,1354.2028615946415,59.862502318010186,35.50893958655274,28.32944228790048,7.179497298652262,1231.425,1337.5,2454
2024-12-23,"52,761,423","9,808,419,401",185.0,187.5,184.0,185.5,4.5,"37,334",183.0,191.425,201.13333333333333,202.8,181.7275,183.8106776071657,190.75839359670127,38.71228433574095,-5.681673220405287,-4.963608926974617,-0.71806429343067,181.7275,202.8,2317
2024-12-23,"32,800,319","35,200,907,996",1065.0,1080.0,1060.0,1080.0,+45.00,"39,942",1069.0,1052.55,1042.3666666666666,1050.72,929.28,1067.1972250684985,1058.4179756017456,55.7695202075827,8.94024237207691,8.70159445144474,0.2386479206321698,929.28,1052.55,2330
2024-12-23,"4,417,200","6,243,376,090",1405.0,1425.0,1400.0,1410.0,+20.00,"6,948",1413.0,1344.0,1298.4166666666667,1310.3,1232.95,1404.3504790790685,1359.5168747761045,62.78896922505498,35.49707536183155,29.76296890268669,5.734106459144854,1232.95,1344.0,2454
2024-12-24,"33,589,660","6,258,359,645",187.5,187.5,185.5,185.5,0.0,"29,234",183.5,190.575,201.0833333333333,202.53,182.1225,184.37378507144385,190.25759420653927,38.71228433574094,-5.385960686527483,-5.04807927888519,-0.3378814076422927,182.1225,202.53,2317
2024-12-24,"30,069,757","32,689,957,470",1095.0,1095.0,1080.0,1080.0, 0.00,"36,423",1070.0,1056.05,1043.6166666666666,1051.42,931.055,1071.4648167123323,1060.4734064968177,55.76952020758269,9.569484693514596,8.87517249985871,0.694312193655886,931.055,1056.05,2330
2024-12-24,"3,278,608","4,639,180,175",1430.0,1430.0,1405.0,1405.0,-5.00,"5,156",1409.0,1350.25,1301.4166666666667,1312.6,1234.225,1404.5669860527123,1363.848600987904,61.58015709752349,34.6843945548635,30.74725403312205,3.937140521741444,1234.225,1350.25,2454
2024-12-25,"21,758,176","4,062,013,540",186.5,188.0,186.0,186.5,1.0,"18,772",183.9,190.075,201.03333333333333,202.12,182.5225,185.08252338096256,189.8997280916308,40.632327150888266,-5.013126528229776,-5.041088728754108,0.0279622005243318,182.5225,202.12,2317
2024-12-25,"16,186,220","17,591,123,835",1090.0,1090.0,1080.0,1085.0,+5.00,"28,032",1070.0,1060.3,1044.7833333333333,1051.72,932.83,1075.9765444748882,1062.8092725447395,56.81330026548953,10.352287256538377,9.170595451194645,1.181691805343732,932.83,1060.3,2330
2024-12-25,"2,449,652","3,471,607,295",1420.0,1430.0,1410.0,1410.0,+5.00,"4,418",1407.0,1358.25,1303.75,1314.8,1235.5,1406.3779907018084,1368.2439723223893,62.36053256521814,34.05127546615813,31.40805831972927,2.64321714642886,1235.5,1358.25,2454
2024-12-26,"36,347,153","6,835,578,141",187.5,189.0,187.0,187.5,1.0,"26,373",185.2,189.675,200.975,201.77,182.9275,185.8883489206417,189.6711825590945,42.56991594444448,-4.584118267133505,-4.949694636429988,0.3655763692964831,182.9275,201.77,2317
2024-12-26,"15,017,636","16,328,335,510",1085.0,1090.0,1085.0,1085.0, 0.00,"23,380",1073.0,1064.3,1046.2,1052.52,934.58,1078.984362983259,1064.9226751595263,56.81330026548953,10.847619324359812,9.506000225827677,1.341619098532135,934.58,1064.3,2330
2024-12-26,"2,448,448","3,484,465,905",1420.0,1430.0,1415.0,1420.0,+10.00,"4,902",1407.0,1366.5,1306.4166666666667,1317.7,1236.65,1410.9186604678723,1373.173117815495,63.93818135113512,33.96491406656105,31.91942946909563,2.045484597465421,1236.65,1366.5,2454
2024-12-27,"22,136,195","4,128,454,600",187.5,188.0,185.5,186.5,-1.0,"22,469",186.3,189.225,200.9583333333333,201.33,183.3225,186.09223261376115,189.3691651725141,41.12448694114219,-4.275532099412686,-4.814862129026528,0.5393300296138417,183.3225,201.33,2317
2024-12-27,"26,151,993","28,531,251,520",1080.0,1095.0,1080.0,1090.0,+5.00,"40,184",1084.0,1069.0,1048.4166666666667,1053.62,936.23,1082.6562419888394,1067.310991811,57.963783596172,11.51094080969756,9.906988342601654,1.6039524670959049,936.23,1069.0,2330
2024-12-27,"2,406,377","3,443,523,815",1420.0,1440.0,1420.0,1430.0,+10.00,"5,985",1415.0,1375.25,1310.6666666666667,1320.8,1237.65,1417.2791069785817,1378.585201833067,65.49567085655116,34.30790825130316,32.39712522553714,1.9107830257660223,1237.65,1375.25,2454
2024-12-30,"24,531,536","4,550,186,856",185.5,187.0,184.5,185.0,-1.5,"22,906",186.2,188.675,200.925,200.88,183.7225,185.7281550758408,188.95305420370323,38.98613074442647,-4.104696417017038,-4.67282898662463,0.5681325696075916,183.7225,200.88,2317
2024-12-30,"27,437,455","29,944,447,716",1090.0,1095.0,1085.0,1090.0, 0.00,"28,373",1086.0,1071.75,1050.3833333333334,1053.72,937.76,1085.104161325893,1069.4718497337617,57.963783596172,11.899458317472636,10.305482337575851,1.5939759798967843,937.76,1071.75,2330
2024-12-30,"2,890,276","4,117,831,075",1430.0,1435.0,1420.0,1420.0,-10.00,"5,362",1417.0,1380.75,1314.1666666666667,1323.1,1238.6,1418.1860713190545,1382.529468325156,62.58474800626095,33.38794177779596,32.59528853598891,0.7926532418070522,1238.6,1380.75,2454
2024-12-31,"22,003,451","4,048,043,958",184.5,185.0,183.0,184.0,-1.0,"24,178",185.9,188.05,200.75833333333333,200.36,184.095,185.15210338389383,188.4813347557315,37.58310500550899,-4.003845709533039,-4.539032331206312,0.5351866216732732,184.095,200.36,2317
2024-12-31,"29,239,004","31,511,634,720",1080.0,1085.0,1075.0,1075.0,-15.00,"32,969",1085.0,1072.75,1052.0166666666669,1053.52,939.305,1081.7361075505955,1069.9983402353082,53.046993069514215,10.871664817097326,10.418718833480144,0.4529459836171803,939.305,1072.75,2330
2024-12-31,"3,371,199","4,756,664,780",1410.0,1425.0,1400.0,1415.0,-5.00,"7,737",1419.0,1385.75,1317.25,1324.8,1239.55,1417.1240475460363,1385.6218999132363,61.1219972704759,31.88782056034369,32.453794940859865,-0.5659743805161668,1239.55,1385.75,2454
2025-01-02,"41,467,354","7,588,159,603",184.0,186.0,181.5,182.5,-1.5,"48,006",185.1,187.125,200.50833333333333,199.7,184.4125,184.26806892259592,187.91168382661425,35.51827945419721,-3.998861870797356,-4.430998239124521,0.432136368327165,184.4125,199.7,2317
2025-01-02,"45,045,125","47,883,206,644",1070.0,1075.0,1055.0,1065.0,-10.00,"74,997",1081.0,1072.5,1053.0166666666669,1053.32,940.78,1076.1574050337304,1069.5223078319457,50.00187131341324,9.14479908526937,10.16393488383799,-1.0191357985686214,940.78,1072.5,2330
2025-01-02,"7,374,055","10,011,026,495",1395.0,1400.0,1335.0,1350.0,X0.00,"26,063",1407.0,1387.25,1318.9166666666667,1325.6,1240.225,1394.749365030691,1382.2293380167375,46.05291045364813,25.163932762506647,30.995822505189224,-5.831889742682577,1240.225,1387.25,2454
2025-01-03,"48,659,205","8,838,730,132",183.0,184.0,180.5,181.0,-1.5,"52,820",183.8,186.225,200.29166666666663,199.0,184.715,183.178712615064,187.2534282240796,33.534181530049295,-4.06904419804664,-4.358607430908945,0.2895632328623048,184.715,199.0,2317
2025-01-03,"31,244,211","33,728,652,860",1080.0,1085.0,1075.0,1075.0,+10.00,"28,227",1079.0,1072.5,1054.1,1053.62,942.26,1075.7716033558204,1070.0439928003316,52.91279920782056,8.485348166198719,9.828217540310137,-1.3428693741114175,942.26,1072.5,2330
2025-01-03,"6,413,343","8,684,840,857",1365.0,1370.0,1335.0,1365.0,+15.00,"10,151",1396.0,1389.25,1321.25,1326.9,1240.975,1384.8329100204608,1380.5884486818102,49.167450205971576,20.80574223414441,28.957806450980264,-8.152064216835846,1240.975,1389.25,2454
2025-01-06,"67,829,021","12,539,307,339",185.0,187.5,183.5,184.5,3.5,"48,289",183.4,185.55,200.05,198.46,185.0325,183.619141743376,186.9911969646434,41.71554011131538,-3.7984571986203264,-4.246577384451221,0.4481201858308949,185.0325,198.46,2317
2025-01-06,"77,874,801","86,585,128,825",1100.0,1125.0,1095.0,1125.0,+50.00,"130,021",1086.0,1075.5,1055.85,1054.92,943.965,1092.1810689038805,1075.277898247919,64.15124909637196,11.860589204918824,10.234691873231874,1.62589733168695,943.965,1075.5,2330
2025-01-06,"7,760,498","10,980,061,110",1390.0,1425.0,1390.0,1425.0,+60.00,"14,520",1395.0,1395.25,1324.25,1330.0,1242.35,1398.2219400136405,1384.8181202359235,59.291525411916,21.94042780612108,27.55433072200843,-5.613902915887351,1242.35,1395.25,2454
2025-01-07,"83,019,294","15,727,768,928",187.0,192.0,186.5,190.0,5.5,"61,312",184.4,185.3,199.88333333333333,197.94,185.3225,185.746094495584,187.27774963467732,51.76358223501981,-3.104425136977256,-4.0181469349564285,0.9137217979791732,185.3,197.94,2317
2025-01-07,"54,691,485","62,664,127,156",1150.0,1160.0,1130.0,1130.0,+5.00,"70,657",1094.0,1078.25,1057.2666666666669,1056.22,945.85,1104.7873792692535,1080.4895269862125,65.04958863554089,14.76870581126741,11.141494660838982,3.627211150428428,945.85,1078.25,2330
2025-01-07,"13,043,149","19,029,056,158",1445.0,1500.0,1415.0,1490.0,+65.00,"27,139",1409.0,1403.5,1327.4166666666667,1333.5,1244.125,1428.8146266757603,1394.8354421182166,66.96704354980488,27.76457829349738,27.59638023630622,0.1681980571911587,1244.125,1403.5,2454
2025-01-08,"41,798,818","7,881,691,230",190.0,190.0,187.0,188.0,-2.0,"68,591",185.2,185.1,199.7,197.4,185.5825,186.4973963303893,187.3465353837557,48.489932289945685,-2.684833919029245,-3.751484331770992,1.066650412741747,185.1,197.4,2317
2025-01-08,"49,181,518","54,760,296,689",1110.0,1130.0,1105.0,1105.0,-25.00,"71,736",1100.0,1080.25,1058.2666666666669,1057.32,947.555,1104.858252846169,1082.8238577494303,57.31574924585243,14.88453841383398,11.890103411437982,2.9944350023959974,947.555,1080.25,2330
2025-01-08,"11,341,648","16,799,397,207",1500.0,1500.0,1460.0,1470.0,-20.00,"19,669",1420.0,1409.5,1330.4166666666667,1336.2,1245.625,1442.543084450507,1401.9939714402913,63.029135713191,30.41581211359562,28.1602666117641,2.25554550183152,1245.625,1409.5,2454
2025-01-09,"47,079,538","8,712,211,883",188.0,188.0,183.0,183.0,-5.0,"53,956",185.3,184.8,199.3,196.87,185.8175,185.3315975535929,186.93257963292183,41.434901447137335,-2.7243583617305944,-3.5460591377629127,0.8217007760323183,184.8,196.87,2317
2025-01-09,"29,916,198","33,052,210,793",1100.0,1115.0,1100.0,1100.0,-5.00,"51,544",1107.0,1083.0,1058.7666666666669,1058.52,949.245,1103.2388352307794,1084.459680820913,55.884688375737575,14.4068056846329,12.393443866076966,2.013361818555934,949.245,1083.0,2330
2025-01-09,"7,283,127","10,619,853,655",1470.0,1480.0,1440.0,1440.0,-30.00,"14,596",1438.0,1414.0,1332.75,1339.0,1247.075,1441.6953896336713,1405.6135932078826,57.56135173657301,29.753208273346672,28.478854944080616,1.2743533292660558,1247.075,1414.0,2454
2025-01-10,"42,317,494","7,698,779,260",182.5,184.0,181.0,181.5,-1.5,"47,888",185.4,184.45,198.90833333333333,196.27,186.035,184.054398369062,186.41519109645307,39.57465528278508,-2.843936106163511,-3.4056345314430327,0.5616984252795216,184.45,196.27,2317
2025-01-10,"24,475,751","26,996,697,889",1100.0,1110.0,1100.0,1100.0, 0.00,"38,027",1112.0,1085.0,1059.6833333333334,1059.92,950.955,1102.1592234871864,1085.9397112189213,55.884688375737575,13.868333538567867,12.688421800575147,1.17991173799272,950.955,1085.0,2330
2025-01-10,"7,456,378","10,977,244,936",1460.0,1495.0,1445.0,1465.0,+25.00,"12,703",1458.0,1418.25,1335.9166666666667,1342.5,1248.75,1449.4635930891145,1411.2694414737985,60.62667004847932,30.88930830422487,28.96094561610947,1.9283626881153992,1248.75,1418.25,2454
2025-01-13,"157,188,534","27,407,637,685",180.0,180.5,171.5,171.5,-10.0,"192,669",182.8,183.7,198.29166666666663,195.54,186.18,179.86959891270797,184.9946967063147,29.92802574310721,-3.702933642614767,-3.46509435367738,-0.2378392889373866,183.7,195.54,2317
2025-01-13,"62,629,547","68,093,421,797",1110.0,1115.0,1070.0,1075.0,-25.00,"118,516",1102.0,1085.5,1060.35,1060.92,952.41,1093.1061489914578,1084.8978339599764,48.81675551157232,11.294107970698631,12.409559034599846,-1.1154510639012134,952.41,1085.5,2330
2025-01-13,"10,467,556","14,785,600,300",1435.0,1460.0,1385.0,1390.0,-75.00,"30,506",1451.0,1417.25,1337.8333333333333,1344.5,1250.0,1429.6423953927429,1409.2437803810556,49.15583460614904,25.444494273667715,28.25765534762112,-2.813161073953406,1250.0,1417.25,2454
2025-01-14,"64,355,673","11,130,474,220",171.5,174.5,171.0,174.5,3.0,"52,963",179.7,183.325,197.74166666666667,194.75,186.325,178.079732608472,183.99520178190377,35.04351212803989,-4.094422497183558,-3.590959982378616,-0.5034625148049421,183.325,194.75,2317
2025-01-14,"31,280,235","33,915,048,410",1085.0,1090.0,1075.0,1090.0,+15.00,"32,218",1094.0,1085.75,1060.4333333333334,1061.92,953.935,1092.0707659943052,1085.383754535217,52.68352183708952,10.345137990507965,11.99667482578147,-1.6515368352735056,953.935,1085.75,2330
2025-01-14,"5,672,581","7,934,393,535",1385.0,1415.0,1380.0,1400.0,+10.00,"10,105",1433.0,1418.0,1339.4166666666667,1346.6,1251.375,1419.7615969284952,1408.3634203447646,50.50062461315873,21.686369386209662,26.94339815533884,-5.257028769129171,1251.375,1418.0,2454
2025-01-15,"60,432,737","10,411,822,201",174.5,175.5,171.0,171.0,-3.5,"65,891",176.3,182.725,197.09166666666667,193.89,186.4525,175.71982173898135,182.7575635169605,32.09929679151453,-4.63368672800317,-3.799505331503527,-0.8341813964996425,182.725,193.89,2317
2025-01-15,"37,966,582","40,677,529,813",1085.0,1085.0,1065.0,1065.0,-25.00,"74,906",1086.0,1085.25,1060.1,1062.22,955.36,1083.047177329537,1083.4424445794816,46.39275342507027,7.489447687048141,11.095229398034803,-3.605781710986664,955.36,1085.25,2330
2025-01-15,"6,608,704","9,392,555,305",1390.0,1445.0,1390.0,1420.0,+20.00,"9,999",1423.0,1417.75,1340.9166666666667,1349.2,1252.875,1419.8410646189968,1409.4716660262154,53.16850323996058,20.090273028386942,25.57277312994845,-5.482500101561509,1252.875,1417.75,2454
2025-01-16,"42,128,703","7,331,867,358",175.0,176.0,173.0,173.5,2.5,"32,338",174.4,182.175,196.39166666666668,193.09,186.61,174.9798811593209,181.8758908010596,36.22117456752024,-4.803951447556983,-4.000394554714219,-0.8035568928427645,182.175,193.09,2317
2025-01-16,"49,872,673","54,934,128,041",1095.0,1115.0,1090.0,1105.0,+40.00,"54,389",1087.0,1086.25,1060.6,1063.12,956.975,1090.364784886358,1085.4955450957216,55.540220736244834,8.357616848872567,10.547706888202358,-2.19009003932979,956.975,1086.25,2330
2025-01-16,"7,526,306","10,959,335,965",1450.0,1470.0,1430.0,1460.0,+40.00,"12,053",1427.0,1419.75,1343.4166666666667,1352.3,1254.525,1433.2273764126646,1414.283888309433,58.03953860890474,21.80170439444169,24.818559382847106,-3.0168549884054165,1254.525,1419.75,2454
2025-01-17,"47,442,329","8,231,498,177",173.0,175.5,172.0,173.5,0.0,"33,175",172.8,181.8,195.6833333333333,192.22,186.735,174.4865874395473,181.0781869152444,36.22117456752024,-4.8826038466654325,-4.1768364131044615,-0.7057674335609709,181.8,192.22,2317
2025-01-17,"60,857,371","67,663,576,840",1125.0,1125.0,1095.0,1120.0,+15.00,"48,829",1091.0,1088.75,1061.6,1064.22,958.68,1100.2431899242388,1088.781683658034,58.40650173610561,10.139144062850391,10.465994323131964,-0.3268502602815726,958.68,1088.75,2330
2025-01-17,"5,593,733","8,016,913,060",1450.0,1455.0,1420.0,1430.0,-30.00,"8,875",1420.0,1420.25,1345.5833333333333,1354.8,1255.85,1432.1515842751098,1415.7806608513918,53.54153299442485,20.500954559932325,23.95503841826415,-3.454083858331824,1255.85,1420.25,2454
2025-01-20,"35,167,919","6,214,216,149",174.5,178.0,174.5,178.0,4.5,"44,005",174.1,181.65,195.125,191.42,186.8475,175.6577249596982,180.78502625664964,43.394511822650514,-4.529609528625997,-4.247391036208769,-0.2822184924172282,181.65,191.42,2317
2025-01-20,"32,062,171","36,076,248,367",1125.0,1135.0,1120.0,1120.0, 0.00,"37,780",1100.0,1093.0,1062.6,1064.82,960.435,1106.828793282826,1091.754856642983,58.4065017361056,11.419381691318904,10.656671796769352,0.7627098945495518,960.435,1093.0,2330
2025-01-20,"4,054,089","5,848,835,115",1425.0,1455.0,1425.0,1445.0,+15.00,"6,526",1431.0,1423.0,1348.5,1358.1,1257.275,1436.43438951674,1418.5634550560212,55.402592843420905,20.444800649021545,23.25299086441563,-2.8081902153940845,1257.275,1423.0,2454
2025-01-21,"32,613,034","5,818,448,615",178.5,180.0,177.0,178.5,0.5,"31,806",174.9,181.3,194.5,190.59,186.99,176.60514997313214,180.5674047083973,44.14620326653303,-4.161541507043808,-4.230221130375777,0.0686796233319695,181.3,190.59,2317
2025-01-21,"24,368,832","27,256,307,475",1115.0,1125.0,1110.0,1120.0, 0.00,"28,262",1106.0,1095.0,1063.5166666666669,1065.52,962.14,1111.219195521884,1094.444870296032,58.4065017361056,12.292281466428904,10.983793730701263,1.30848773572764,962.14,1095.0,2330
2025-01-21,"4,729,517","6,929,917,275",1440.0,1475.0,1435.0,1465.0,+20.00,"9,236",1444.0,1425.75,1351.0,1361.5,1258.625,1445.956259677827,1422.985983145924,57.82830857337143,21.763257833931675,22.95504425831884,-1.191786424387164,1258.625,1425.75,2454
2025-01-22,"44,375,092","7,991,917,051",180.5,181.0,178.5,180.0,1.5,"34,107",176.7,181.025,193.91666666666663,189.91,187.1375,177.73676664875478,180.5133661647404,46.4439164456982,-3.706086031364976,-4.125394110573617,0.4193080792086414,181.025,189.91,2317
2025-01-22,"45,996,696","52,510,666,410",1140.0,1150.0,1135.0,1135.0,+15.00,"59,434",1120.0,1097.75,1064.9333333333334,1067.22,963.965,1119.1461303479227,1098.307263601172,61.50604727461223,14.032675518535598,11.59357008826813,2.4391054302674675,963.965,1097.75,2330
2025-01-22,"6,939,769","10,271,774,681",1480.0,1495.0,1465.0,1465.0, 0.00,"11,316",1453.0,1428.75,1353.1666666666667,1365.5,1260.15,1452.3041731185513,1426.9873180844074,57.82830857337142,22.548222775568547,22.873679961768783,-0.3254571862002358,1260.15,1428.75,2454
2025-02-03,"168,103,694","27,880,932,586",164.0,168.0,163.5,165.5,-14.5,"203,537",175.1,179.975,193.1833333333333,188.93,187.17,173.6578444325032,179.08352176809845,32.51789710169775,-4.463708253766271,-4.193056939212148,-0.2706513145541231,179.975,188.93,2317
2025-02-03,"113,031,525","120,769,676,393",1065.0,1075.0,1060.0,1070.0,-65.00,"247,531",1113.0,1097.0,1065.4333333333334,1067.92,965.365,1102.7640868986152,1095.6113337343938,45.6357639860544,10.051130396755752,11.285082149965657,-1.2339517532099027,965.365,1097.0,2330
2025-02-03,"19,472,385","28,977,442,706",1420.0,1525.0,1415.0,1500.0,+35.00,"28,334",1461.0,1433.25,1356.5,1370.4,1261.825,1468.2027820790345,1433.9409068382731,62.02089858174452,25.698286786530844,23.4386013267212,2.2596854598096456,1261.825,1433.25,2454
2025-02-04,"68,458,788","11,379,696,528",167.0,169.0,165.0,165.0,-0.5,"73,349",173.4,178.85,192.40833333333333,188.0,187.2,170.77189628833548,177.7422339806605,32.15980213838557,-5.046304487798437,-4.363706448929405,-0.682598038869032,178.85,188.0,2317
2025-02-04,"57,904,652","63,132,252,012",1085.0,1100.0,1080.0,1095.0,+25.00,"59,315",1108.0,1097.5,1066.5166666666669,1069.12,966.94,1100.1760579324102,1095.5531114739754,50.8849590007634,8.81144541078288,10.7903548021291,-1.9789093913462192,966.94,1097.5,2330
2025-02-04,"8,418,410","12,648,914,715",1510.0,1530.0,1480.0,1490.0,-10.00,"18,290",1473.0,1436.75,1359.8333333333333,1375.5,1263.475,1475.468521386023,1439.279868091771,60.17999862543236,27.07570688872056,24.166022439121072,2.9096844495994887,1263.475,1436.75,2454
2025-02-05,"53,304,973","9,033,062,898",167.0,171.5,167.0,171.0,6.0,"42,917",172.0,178.075,191.79166666666663,187.28,187.265,170.84793085889032,177.10011645869284,40.61150140866455,-4.966614306623626,-4.48428802046825,-0.4823262861553763,178.075,187.28,2317
2025-02-05,"43,082,532","47,931,709,801",1110.0,1120.0,1105.0,1110.0,+15.00,"51,245",1106.0,1098.5,1067.9333333333334,1070.62,968.575,1103.4507052882736,1096.929005619311,53.769295113350296,8.936348109399205,10.41955346358312,-1.483205354183916,968.575,1098.5,2330
2025-02-05,"9,272,623","14,081,050,805",1505.0,1530.0,1490.0,1525.0,+35.00,"13,028",1489.0,1441.5,1363.75,1380.6,1265.35,1491.9790142573488,1447.443690178269,64.18671847576091,30.638349910222587,25.460487933341376,5.177861976881211,1265.35,1441.5,2454
2025-02-06,"41,060,652","7,081,097,296",172.5,174.0,171.0,173.0,2.0,"31,971",170.9,177.475,191.1083333333333,186.69,187.34,171.5652872392602,176.7096291769126,43.15377332935379,-4.688035226710355,-4.525037461716671,-0.1629977649936833,177.475,187.34,2317
2025-02-06,"33,768,196","37,638,807,097",1120.0,1120.0,1105.0,1115.0,+5.00,"32,994",1105.0,1099.75,1069.1833333333334,1072.42,970.055,1107.3004701921825,1098.6500527031862,54.72377115488404,9.331228023022732,10.201888375471045,-0.8706603524483132,970.055,1099.75,2330
2025-02-06,"9,633,472","14,822,104,932",1530.0,1570.0,1520.0,1525.0, 0.00,"17,483",1501.0,1446.75,1367.5833333333333,1386.3,1267.175,1502.9860095048994,1454.8300053993862,64.18671847576091,33.08043945800637,26.984478238274377,6.09596121973199,1267.175,1446.75,2454
2025-02-07,"52,118,210","9,202,320,428",175.0,178.0,174.0,178.0,5.0,"44,998",170.5,177.175,190.50833333333333,186.18,187.4575,173.71019149284015,176.83252163625426,49.02830709886439,-4.017489962086472,-4.423527961790632,0.4060379997041599,177.175,187.4575,2317
2025-02-07,"31,107,545","34,745,052,940",1110.0,1125.0,1105.0,1125.0,+10.00,"35,637",1103.0,1102.25,1070.4333333333334,1074.12,971.605,1113.2003134614552,1101.159571493359,56.65140363256287,10.331988889559398,10.227908478288716,0.104080411270683,971.605,1102.25,2330
2025-02-07,"7,062,069","10,728,691,173",1525.0,1530.0,1505.0,1525.0, 0.00,"11,358",1513.0,1452.25,1371.5,1391.1,1268.825,1510.3240063365995,1461.512862028016,64.18671847576091,34.61677241472603,28.510937073564712,6.105835341161317,1268.825,1452.25,2454
2025-02-10,"37,723,196","6,590,892,944",176.0,176.5,174.0,174.0,-4.0,"48,491",172.2,176.75,189.85,185.54,187.5775,173.8067943285601,176.5627576708967,45.02007682123457,-3.7654389432263136,-4.291910158077768,0.5264712148514539,176.75,187.5775,2317
2025-02-10,"31,037,109","34,425,517,969",1125.0,1125.0,1095.0,1105.0,-20.00,"60,839",1110.0,1104.25,1071.1833333333334,1075.72,973.03,1110.46687564097,1101.5253265892295,51.892837732869125,9.40287573497062,10.062901929625095,-0.6600261946544741,973.03,1104.25,2330
2025-02-10,"9,291,243","13,801,284,039",1505.0,1510.0,1475.0,1480.0,-45.00,"19,899",1509.0,1458.75,1374.4166666666667,1395.2,1270.225,1500.2160042244,1463.2735418348718,55.2581370128357,31.836215358996697,29.17599273065111,2.6602226283455863,1270.225,1458.75,2454
2025-02-11,"71,048,641","12,782,953,142",178.0,182.0,176.0,179.0,5.0,"48,761",175.0,176.65,189.21666666666667,185.07,187.72,175.53786288570674,176.79487598795416,50.470886492829045,-3.126191689780597,-4.058766464418334,0.9325747746377367,176.65,187.72,2317
2025-02-11,"21,023,057","23,294,288,731",1110.0,1115.0,1100.0,1110.0,+5.00,"31,837",1113.0,1106.0,1071.9333333333334,1077.72,974.49,1110.3112504273136,1102.332438342636,52.95670593794038,8.96664319807087,9.843650183314251,-0.8770069852433817,974.49,1106.0,2330
2025-02-11,"8,734,703","13,207,679,005",1490.0,1530.0,1490.0,1510.0,+30.00,"11,192",1513.0,1466.0,1377.8333333333333,1400.1,1271.875,1503.4773361496,1467.723680707741,59.32073470265083,31.688072761385683,29.678408736798023,2.009664024587657,1271.875,1466.0,2454
2025-02-12,"42,666,219","7,608,185,758",181.5,181.5,177.0,177.0,-2.0,"63,003",176.2,176.275,188.53333333333333,184.55,187.875,176.02524192380451,176.81441160814902,48.40369787359733,-2.749274990473765,-3.7968681696294206,1.0475931791556556,176.275,187.875,2317
2025-02-12,"26,190,392","28,966,591,975",1110.0,1115.0,1100.0,1100.0,-10.00,"38,511",1111.0,1104.75,1072.1,1078.92,975.96,1106.8741669515423,1102.1103013576233,50.54898997846475,7.724960803655904,9.419912307382582,-1.6949515037266778,975.96,1104.75,2330
2025-02-12,"8,078,186","12,184,246,270",1530.0,1540.0,1480.0,1485.0,-25.00,"21,212",1505.0,1469.0,1381.25,1403.6,1273.75,1497.3182240997337,1469.3690444498611,54.85103812288887,29.21658699104773,29.58604438764797,-0.3694573966002359,1273.75,1469.0,2454
2025-02-13,"40,596,733","7,259,602,358",177.0,181.0,177.0,180.0,3.0,"24,848",177.6,175.775,187.86666666666667,183.94,188.07,177.35016128253636,177.11780097880148,51.60561502007281,-2.183322875740771,-3.474159110851691,1.2908362351109202,175.775,188.07,2317
2025-02-13,"35,681,521","38,806,197,999",1090.0,1095.0,1080.0,1090.0,-10.00,"72,456",1106.0,1102.75,1072.1833333333334,1080.12,977.47,1101.2494446343617,1100.9569393235638,48.189483140761546,5.866378177790466,8.709205481464158,-2.842827303673692,977.47,1102.75,2330
2025-02-13,"4,801,436","7,239,919,170",1495.0,1520.0,1485.0,1520.0,+35.00,"7,853",1504.0,1470.5,1385.0,1408.4,1276.075,1504.878816066489,1474.191040216541,59.45680746073717,29.739307974503163,29.61669710501901,0.1226108694841521,1276.075,1470.5,2454
2025-02-14,"26,925,038","4,808,438,797",180.0,180.5,177.5,178.0,-2.0,"25,657",177.6,175.275,187.26666666666668,183.45,188.2275,177.56677418835758,177.20181993320136,49.40445774768992,-1.874576086411622,-3.154242505963677,1.279666419552055,175.275,188.2275,2317
2025-02-14,"73,417,323","78,100,130,074",1065.0,1070.0,1060.0,1060.0,-30.00,"218,986",1093.0,1100.5,1072.35,1081.12,978.75,1087.4996297562411,1097.0562784356052,41.874599376745344,1.95020799310646,7.357405983792619,-5.407197990686159,978.75,1100.5,2330
2025-02-14,"4,867,021","7,398,870,815",1515.0,1535.0,1505.0,1505.0,-15.00,"8,554",1500.0,1472.25,1389.0,1412.9,1278.35,1504.9192107109927,1477.125226862585,56.783290938799546,28.61335651738682,29.416028987492574,-0.8026724701057546,1278.35,1472.25,2454
2025-02-17,"47,251,327","8,577,655,581",179.5,182.5,179.0,182.5,4.5,"34,023",179.3,175.25,186.7333333333333,183.17,188.4,179.2111827922384,177.7064085109917,54.14381293311251,-1.252343404328542,-2.7738626856366504,1.5215192813081084,175.25,188.4,2317
2025-02-17,"37,215,861","40,057,489,554",1065.0,1085.0,1065.0,1085.0,+25.00,"57,081",1089.0,1099.75,1073.1833333333334,1082.82,980.155,1086.6664198374942,1095.908061441738,47.99098878074347,0.8540608912244352,6.056736965278983,-5.202676074054548,980.155,1099.75,2330
2025-02-17,"8,095,856","12,386,691,075",1515.0,1545.0,1510.0,1545.0,+40.00,"11,050",1513.0,1477.5,1393.8333333333333,1418.8,1280.825,1518.2794738073285,1483.58949097091,61.72573297192884,30.59600587130012,29.652024364254085,0.9439815070460362,1280.825,1477.5,2454
2025-02-18,"27,184,244","4,958,070,370",183.0,184.0,181.0,183.5,1.0,"22,580",180.2,175.35,186.26666666666668,182.93,188.6025,180.6407885281589,178.2581791289925,55.14923639165876,-0.6707953667497293,-2.3532492218592664,1.6824538551095372,175.35,188.6025,2317
2025-02-18,"24,018,940","26,204,727,000",1085.0,1100.0,1080.0,1100.0,+15.00,"30,650",1087.0,1099.75,1074.2666666666669,1084.72,981.905,1091.1109465583295,1096.2977698758582,51.3021111828174,1.1821044907046598,5.081810470364119,-3.8997059796594593,981.905,1099.75,2330
2025-02-18,"5,461,888","8,359,528,915",1550.0,1550.0,1520.0,1535.0,-10.00,"8,901",1518.0,1481.0,1398.8333333333333,1424.4,1283.535,1523.852982538219,1488.4857299260614,59.8819470403808,31.00297039791235,29.92221357098574,1.08075682692661,1283.535,1481.0,2454
2025-02-19,"35,389,548","6,488,063,362",183.5,184.5,182.0,183.0,-0.5,"27,655",181.4,175.925,185.86666666666667,182.68,188.8025,181.427192352106,178.7097811167075,54.50573723877453,-0.2474082106210176,-1.9320810196116167,1.6846728089905991,175.925,188.8025,2317
2025-02-19,"28,756,849","31,328,641,002",1090.0,1095.0,1085.0,1090.0,-10.00,"33,952",1085.0,1100.5,1075.1833333333334,1086.6,983.645,1090.7406310388865,1095.6979822686335,49.05970147963336,0.6279266328535869,4.191033702862013,-3.563107070008426,983.645,1100.5,2330
2025-02-19,"4,710,329","7,242,322,405",1535.0,1545.0,1525.0,1540.0,+5.00,"7,304",1529.0,1488.5,1403.3333333333333,1430.1,1286.405,1529.235321692146,1493.3918508854842,60.51699874560075,31.367367444142246,30.211244345617043,1.1561230985252031,1286.405,1488.5,2454
2025-02-20,"23,659,372","4,311,924,877",183.0,183.5,181.5,182.0,-1.0,"20,159",181.8,176.3,185.525,182.4,188.9925,181.61812823473733,179.0231352960687,53.16949351496986,0.0073527602561114,-1.544194263638071,1.5515470238941824,176.3,188.9925,2317
2025-02-20,"31,108,197","33,537,160,793",1080.0,1085.0,1070.0,1080.0,-10.00,"43,395",1083.0,1100.0,1076.1,1087.5,985.275,1087.160420692591,1094.2029363382874,46.854172920164494,-0.6111349552959382,3.230599971230423,-3.841734926526361,985.275,1100.0,2330
2025-02-20,"7,150,167","10,837,847,830",1545.0,1545.0,1500.0,1500.0,-40.00,"19,681",1525.0,1493.5,1407.6666666666667,1433.9,1289.045,1519.4902144614307,1494.0211984202,53.25429176078335,28.104517637694016,29.78989900403244,-1.6853813663384225,1289.045,1493.5,2454
2025-02-21,"35,359,340","6,465,535,028",181.5,184.0,181.0,183.0,1.0,"21,572",182.8,176.9,185.1833333333333,182.13,189.1275,182.0787521564916,179.40188431549072,54.374084842347,0.2866400991455293,-1.178027391081351,1.4646674902268804,176.9,189.1275,2317
2025-02-21,"31,480,715","34,322,859,039",1085.0,1095.0,1080.0,1095.0,+15.00,"29,895",1090.0,1101.5,1077.0166666666669,1088.3,986.835,1089.7736137950608,1094.2788471632125,50.452382868992856,-0.3783640063497842,2.5088071757143817,-2.887171182064166,986.835,1101.5,2330
2025-02-21,"5,756,665","8,675,140,570",1500.0,1525.0,1490.0,1510.0,+10.00,"8,561",1526.0,1498.0,1411.4166666666667,1437.8,1291.545,1516.3268096409538,1495.542989046848,54.71740238921952,26.02559522366573,29.037038247959096,-3.011443024293364,1291.545,1498.0,2454
2025-02-24,"27,928,907","5,103,161,593",181.0,184.0,180.5,184.0,1.0,"21,220",183.1,177.425,184.81666666666663,181.79,189.29,182.7191681043277,179.8398000949678,55.60390148819441,0.5819604917324739,-0.826029814518586,1.40799030625106,177.425,189.29,2317
2025-02-24,"33,837,606","36,461,265,148",1080.0,1085.0,1075.0,1075.0,-20.00,"47,924",1088.0,1100.0,1077.85,1088.4,988.38,1084.849075863374,1092.4427664810016,45.982151161691874,-1.7871233596672482,1.649621068638056,-3.436744428305304,988.38,1100.0,2330
2025-02-24,"6,497,488","9,923,578,445",1500.0,1545.0,1495.0,1545.0,+35.00,"9,834",1526.0,1502.25,1415.9166666666667,1442.3,1294.365,1525.884539760636,1500.2531805661956,59.495858292228064,26.89224466881524,28.60807953213033,-1.715834863315088,1294.365,1502.25,2454
2025-02-25,"70,811,787","12,690,044,507",181.5,182.0,177.5,177.5,-6.5,"73,391",181.9,177.625,184.4,181.36,189.4025,180.97944540288515,179.61696199068513,46.77783942131211,0.2881863207765605,-0.6031865874595568,0.8913729082361173,177.625,189.4025,2317
2025-02-25,"53,174,277","56,084,293,935",1055.0,1060.0,1050.0,1055.0,-20.00,"178,967",1079.0,1096.75,1078.6,1088.0,989.745,1074.899383908916,1088.8767887209062,41.97678513734383,-4.465927715005137,0.4265113119094175,-4.892439026914554,989.745,1096.75,2330
2025-02-25,"8,502,805","13,096,692,819",1525.0,1560.0,1510.0,1550.0,+5.00,"13,187",1529.0,1508.25,1420.6666666666667,1446.8,1297.09,1533.9230265070908,1504.9909728932248,60.14292391847909,27.66363959400292,28.419191544504848,-0.7555519505019319,1297.09,1508.25,2454
2025-02-26,"45,145,771","8,041,430,005",175.0,181.0,174.5,180.5,3.0,"29,868",181.4,177.75,184.025,181.01,189.5125,180.8196302685901,179.7010608487151,50.66978950864895,0.2940534367424163,-0.4237385826191622,0.7177920193615785,177.75,189.5125,2317
2025-02-26,"42,921,499","45,208,281,264",1045.0,1060.0,1045.0,1060.0,+5.00,"75,535",1073.0,1093.75,1078.9333333333334,1087.9,991.07,1069.932922605944,1086.126618366534,43.30635749583235,-6.114951894087653,-0.8817813292899968,-5.233170564797657,991.07,1093.75,2330
2025-02-26,"8,063,842","12,531,654,210",1555.0,1575.0,1525.0,1560.0,+10.00,"12,099",1533.0,1514.0,1424.8333333333333,1451.9,1299.815,1542.6153510047272,1510.2299278557748,61.46872082684085,28.75047448303576,28.48544813221104,0.2650263508247263,1299.815,1514.0,2454
2025-02-27,"81,509,723","14,374,897,915",180.0,181.5,174.0,174.0,-6.5,"74,546",179.8,177.525,183.41666666666663,180.59,189.6025,178.54642017906008,179.15810267264698,43.284261369603016,-0.2232193748141639,-0.3836347410581626,0.1604153662439986,177.525,189.6025,2317
2025-02-27,"61,646,900","64,595,715,596",1065.0,1065.0,1040.0,1040.0,-20.00,"121,377",1065.0,1089.75,1079.1,1087.2,992.32,1059.955281737296,1081.7336070935307,39.41569096732924,-8.932677938735196,-2.4919606511790366,-6.44071728755616,992.32,1089.75,2330
2025-02-27,"12,022,234","18,461,918,925",1555.0,1575.0,1515.0,1515.0,-45.00,"19,253",1536.0,1516.5,1428.75,1455.7,1302.43,1533.4102340031516,1510.684220440939,52.93545264994094,25.68459897463663,27.92527830069616,-2.2406793260595244,1302.43,1516.5,2454
2025-03-03,"70,556,492","12,112,410,727",172.0,175.0,170.0,170.0,-4.0,"76,523",177.2,177.025,182.875,180.15,189.6825,175.69761345270672,178.28590241810917,39.47143770537509,-0.9450346046682796,-0.495914713780186,-0.4491198908880935,177.025,189.6825,2317
2025-03-03,"73,279,419","74,076,141,634",1000.0,1020.0,1000.0,1020.0,-20.00,"208,673",1050.0,1084.0,1079.2666666666669,1086.3,993.56,1046.6368544915308,1075.854215941766,35.93858439519018,-12.633942755040607,-4.520357071951351,-8.113585683089255,993.56,1086.3,2330
2025-03-03,"11,544,405","17,065,859,785",1490.0,1495.0,1465.0,1470.0,-45.00,"30,460",1528.0,1516.75,1431.9166666666667,1458.1,1304.78,1512.2734893354343,1506.8095327798972,46.05078554935256,19.40011418629388,26.2202454778157,-6.820131291521822,1304.78,1516.75,2454
2025-03-04,"71,127,819","12,007,537,766",165.5,172.0,165.0,170.5,0.5,"65,668",174.5,177.275,182.44166666666663,179.78,189.755,173.96507563513782,177.54438790209878,40.180774021670814,-1.4599036923925155,-0.688712509502652,-0.7711911828898635,177.275,189.755,2317
2025-03-04,"70,879,417","71,031,410,815",996.0,1010.0,996.0,1000.0,-20.00,"184,239",1035.0,1080.5,1079.2666666666669,1085.4,994.66,1031.0912363276873,1068.630004899693,32.82055987449345,-16.98525914667539,-7.013337486896159,-9.97192165977923,994.66,1085.4,2330
2025-03-04,"8,330,012","12,336,290,155",1435.0,1510.0,1435.0,1505.0,+35.00,"15,675",1520.0,1517.0,1436.1666666666667,1461.2,1307.105,1509.8489928902898,1506.6371963246688,51.35052683892157,17.047311412677573,24.385658664788075,-7.338347252110502,1307.105,1517.0,2454
2025-03-05,"45,364,409","7,855,325,151",171.5,175.0,171.5,173.5,3.0,"31,719",173.7,177.7,182.075,179.48,189.785,173.81005042342522,177.15920810189888,44.39160789917171,-1.6073378358528885,-0.8724375747726993,-0.7349002610801891,177.7,189.785,2317
2025-03-05,"45,086,222","46,126,315,408",1020.0,1030.0,1015.0,1020.0,+20.00,"63,259",1028.0,1076.75,1079.5166666666669,1084.6,995.83,1027.3941575517915,1063.998575861627,38.56102647424136,-18.605404363521075,-9.331750862221142,-9.273653501299933,995.83,1084.6,2330
2025-03-05,"6,674,087","10,051,018,845",1505.0,1530.0,1490.0,1505.0, 0.00,"10,556",1511.0,1517.75,1440.3333333333333,1463.7,1309.455,1508.23266192686,1506.4812728651764,51.35052683892157,15.009676061124082,22.510462144055275,-7.500786082931192,1309.455,1517.75,2454
2025-03-06,"28,989,951","5,056,441,595",175.5,176.0,173.5,173.5,0.0,"25,315",172.3,177.825,181.7083333333333,179.22,189.805,173.7067002822835,176.81071209219422,44.3916078991717,-1.704531676616995,-1.0388563951415586,-0.6656752814754361,177.825,189.805,2317
2025-03-06,"49,318,590","49,937,586,396",1020.0,1025.0,1005.0,1005.0,-15.00,"99,898",1017.0,1071.5,1079.6666666666667,1083.4,996.855,1019.929438367861,1058.3796638748054,36.07147740091136,-20.859302703060848,-11.637261230389084,-9.222041472671766,996.855,1083.4,2330
2025-03-06,"3,240,661","4,847,368,380",1505.0,1510.0,1485.0,1495.0,-10.00,"8,829",1498.0,1516.25,1444.3333333333333,1465.4,1311.705,1503.8217746179066,1505.387818306588,49.73168636904099,12.444466870463884,20.497263089337,-8.052796218873112,1311.705,1516.25,2454
2025-03-07,"32,530,175","5,607,535,311",171.0,174.5,171.0,172.0,-1.5,"29,463",171.9,177.775,181.3083333333333,179.02,189.8175,173.137800188189,176.35254903579477,42.65063430317675,-1.8809139544052016,-1.207267906994287,-0.6736460474109145,177.775,189.8175,2317
2025-03-07,"50,358,724","50,550,677,397",1005.0,1010.0,1000.0,1005.0, 0.00,"95,905",1010.0,1066.0,1079.1666666666667,1081.8,997.87,1014.9529589119074,1053.2958863629192,36.07147740091136,-22.387464619189583,-13.787301908149182,-8.600162711040404,997.87,1081.8,2330
2025-03-07,"5,873,135","8,612,824,705",1475.0,1485.0,1450.0,1465.0,-30.00,"22,901",1488.0,1513.25,1446.9166666666667,1467.0,1313.555,1490.8811830786044,1501.5413594202464,45.13467664168162,7.899707910596817,17.97775205358896,-10.078044142992145,1313.555,1513.25,2454
2025-03-10,"36,673,846","6,293,376,887",173.5,174.0,170.0,172.0,0.0,"26,004",172.3,177.475,180.9,178.8,189.825,172.75853345879267,175.93802055619526,42.65063430317676,-1.9976702808272364,-1.365348381760877,-0.6323218990663595,177.475,189.825,2317
2025-03-10,"55,410,836","55,278,923,810",1005.0,1005.0,992.0,998.0,-7.00,"189,791",1005.6,1059.65,1078.2166666666667,1080.26,998.88,1009.3019726079384,1048.0296114712123,34.85362079868943,-23.888019230182863,-15.807445372555918,-8.080573857626945,998.88,1080.26,2330
2025-03-10,"10,835,218","15,344,073,454",1450.0,1460.0,1395.0,1395.0,-70.00,"45,490",1473.0,1506.75,1448.25,1466.4,1315.055,1458.9207887190696,1491.394563284985,36.627094129961165,-1.3350714216137476,14.11518735854842,-15.450258780162168,1315.055,1506.75,2454
2025-03-11,"69,729,259","11,667,727,498",166.0,169.5,165.0,168.5,-3.5,"65,332",171.9,177.2,180.3583333333333,178.48,189.82,171.3390223058618,175.2296376460814,38.55843429921901,-2.345582841062992,-1.5613952736213,-0.784187567441692,177.2,189.82,2317
2025-03-11,"58,764,791","57,064,143,987",969.0,979.0,963.0,971.0,-27.00,"323,403",999.8,1052.95,1076.5666666666666,1077.98,999.725,996.5346484052924,1040.6934579977635,30.56682356136309,-26.94528544414993,-18.035013386874724,-8.910272057275208,999.725,1077.98,2330
2025-03-11,"10,487,926","14,267,901,375",1320.0,1390.0,1320.0,1385.0,-10.00,"25,009",1449.0,1502.0,1449.3333333333333,1465.7,1316.505,1434.2805258127132,1481.261747734034,35.594879512328355,-9.352803702728806,9.421589146292977,-18.77439284902178,1316.505,1502.0,2454
2025-03-12,"41,085,436","6,996,341,452",169.0,171.5,169.0,170.5,2.0,"29,551",171.3,176.775,179.88333333333333,178.27,189.825,171.05934820390786,174.77919596550225,41.98395138525758,-2.4318894584435498,-1.73549411058575,-0.6963953478577998,176.775,189.825,2317
2025-03-12,"38,527,201","37,951,553,847",980.0,995.0,976.0,988.0,+17.00,"132,537",993.4,1046.85,1075.1166666666666,1076.34,1000.57,993.6897656035284,1035.6750334265482,35.91165413932453,-27.67738535031605,-19.963487779563,-7.7138975707530655,1000.57,1076.34,2330
2025-03-12,"8,365,942","11,777,174,615",1375.0,1425.0,1375.0,1410.0,+25.00,"12,826",1430.0,1497.0,1450.75,1465.5,1317.98,1426.1870172084757,1474.474914616507,40.13692281066304,-13.533616131491726,4.830548090736035,-18.36416422222776,1317.98,1497.0,2454
2025-03-13,"35,310,891","6,014,788,759",172.5,174.0,168.0,168.0,-2.5,"44,215",170.2,176.325,179.38333333333333,178.01,189.805,170.0395654692719,174.13355825450202,39.05297271301302,-2.6712249625628885,-1.9226402809811776,-0.7485846815817108,176.325,189.805,2317
2025-03-13,"42,915,696","42,199,819,801",1000.0,1005.0,965.0,965.0,-23.00,"192,169",985.4,1040.1,1073.45,1074.94,1001.27,984.1265104023522,1028.9440778621151,32.290063143035994,-29.77031393377604,-21.9248530104056,-7.845460923370435,1001.27,1074.94,2330
2025-03-13,"7,308,998","10,304,679,577",1430.0,1440.0,1390.0,1390.0,-20.00,"12,805",1409.0,1492.25,1452.1666666666667,1465.5,1319.155,1414.1246781389837,1466.42968465303,37.83795345715153,-18.250393776459987,0.2143597172968308,-18.464753493756817,1319.155,1492.25,2454
