日期,成交股數,成交金額,開盤價,最高價,最低價,收盤價,漲跌價差,成交筆數,股票代碼
113/01/02,"20,339,186","2,128,017,722",104.5,105.0,104.0,105.0,+0.50,"8,860",2317
113/01/03,"19,284,338","2,012,960,063",104.5,105.0,104.0,104.5,-0.50,"7,777",2317
113/01/04,"15,626,821","1,630,513,586",104.5,105.0,104.0,104.0,-0.50,"6,666",2317
113/01/05,"13,458,610","1,401,623,876",104.0,104.5,104.0,104.0, 0.00,"7,991",2317
113/01/08,"35,053,132","3,594,588,454",103.5,104.0,101.5,101.5,-2.50,"20,103",2317
113/01/09,"25,951,574","2,631,608,130",102.0,102.5,101.0,101.0,-0.50,"14,140",2317
113/01/10,"23,473,035","2,358,632,814",101.0,101.5,100.0,100.0,-1.00,"17,069",2317
113/01/11,"34,911,583","3,504,250,726",100.0,102.0,99.7,100.5,+0.50,"17,009",2317
113/01/12,"29,378,104","2,954,863,822",100.0,101.5,100.0,100.5, 0.00,"13,960",2317
113/01/15,"22,849,994","2,292,819,409",101.0,101.5,100.0,100.0,-0.50,"14,482",2317
113/01/16,"26,322,401","2,630,507,690",99.8,100.5,99.3,100.0, 0.00,"13,748",2317
113/01/17,"48,863,335","4,847,251,358",99.8,100.0,98.5,98.6,-1.40,"40,296",2317
113/01/18,"18,285,961","1,820,209,756",99.0,100.0,98.9,99.9,+1.30,"9,853",2317
113/01/19,"16,535,880","1,658,760,739",100.0,101.0,100.0,100.5,+0.60,"7,804",2317
113/01/22,"23,125,015","2,315,424,649",100.5,101.0,99.9,99.9,-0.60,"11,986",2317
113/01/23,"19,081,079","1,922,295,589",100.0,101.5,99.9,101.0,+1.10,"7,308",2317
113/01/24,"13,279,806","1,338,933,642",101.0,101.5,100.5,100.5,-0.50,"7,853",2317
113/01/25,"24,411,257","2,481,788,550",101.0,102.0,100.5,102.0,+1.50,"11,459",2317
113/01/26,"26,269,872","2,697,725,913",102.0,103.5,102.0,102.5,+0.50,"11,872",2317
113/01/29,"16,486,936","1,692,279,578",102.5,103.0,102.0,102.5, 0.00,"8,333",2317
113/01/30,"17,948,156","1,835,704,156",102.5,103.0,102.0,102.0,-0.50,"8,470",2317
113/01/31,"18,670,512","1,908,083,358",102.0,102.5,101.5,102.5,+0.50,"8,431",2317
113/02/01,"15,011,693","1,538,413,859",102.5,103.0,102.0,103.0,+0.50,"7,699",2317
113/02/02,"17,360,028","1,769,947,561",102.5,103.0,101.5,102.0,-1.00,"9,502",2317
113/02/05,"17,589,601","1,785,655,319",101.5,102.0,101.0,101.5,-0.50,"8,261",2317
113/02/15,"28,273,526","2,866,994,311",101.5,102.0,101.0,101.0,-0.50,"14,939",2317
113/02/16,"36,916,925","3,733,038,587",101.0,101.5,100.5,101.5,+0.50,"12,607",2317
113/02/19,"25,690,866","2,629,333,173",101.5,103.0,101.0,103.0,+1.50,"13,906",2317
113/02/20,"39,677,541","4,120,188,412",103.5,104.5,103.0,103.5,+0.50,"15,466",2317
113/02/21,"18,655,698","1,927,413,724",103.5,104.0,103.0,103.0,-0.50,"8,714",2317
113/02/22,"20,473,149","2,115,169,994",103.5,104.0,103.0,103.5,+0.50,"7,952",2317
113/02/23,"17,387,814","1,795,917,981",103.5,104.0,103.0,103.0,-0.50,"8,781",2317
113/02/26,"20,262,550","2,097,770,991",103.0,104.0,103.0,103.5,+0.50,"9,149",2317
113/02/27,"29,154,596","3,020,731,690",104.0,104.5,103.0,103.5, 0.00,"11,029",2317
113/02/29,"39,113,569","4,033,382,050",103.0,103.5,103.0,103.0,-0.50,"12,345",2317
113/03/01,"28,288,633","2,907,270,754",103.0,103.5,102.0,102.0,-1.00,"11,037",2317
113/03/04,"107,381,334","11,281,294,815",102.5,107.0,102.5,106.5,+4.50,"44,548",2317
113/03/05,"75,946,177","8,154,265,909",107.0,108.5,106.5,106.5, 0.00,"29,230",2317
113/03/06,"40,719,766","4,332,592,128",106.0,107.5,105.5,106.5, 0.00,"17,135",2317
113/03/07,"48,017,303","5,170,730,400",108.0,108.5,107.0,107.5,+1.00,"19,427",2317
113/03/08,"69,726,404","7,414,600,307",107.5,108.5,104.5,105.0,-2.50,"26,940",2317
113/03/11,"140,871,436","15,354,598,565",105.0,111.5,105.0,109.5,+4.50,"58,916",2317
113/03/12,"351,300,080","40,666,691,799",111.5,119.0,111.5,119.0,+9.50,"142,023",2317
113/03/13,"345,545,874","41,695,955,256",121.5,123.5,118.0,120.5,+1.50,"127,032",2317
113/03/14,"197,698,899","23,658,016,973",121.0,121.5,117.0,121.0,+0.50,"59,679",2317
113/03/15,"407,962,863","53,340,909,160",128.0,133.0,127.0,132.0,+11.00,"150,839",2317
113/03/18,"241,783,637","32,315,657,361",133.0,137.0,131.5,136.0,+4.00,"102,089",2317
113/03/19,"173,862,333","23,278,131,149",133.0,136.0,130.0,136.0, 0.00,"71,019",2317
113/03/20,"206,917,477","28,683,832,198",136.5,142.0,135.5,138.0,+2.00,"85,273",2317
113/03/21,"185,853,649","26,387,734,222",141.0,145.0,139.0,142.5,+4.50,"79,200",2317
113/03/22,"240,446,038","34,947,728,098",144.0,148.5,142.0,145.5,+3.00,"115,706",2317
113/03/25,"146,548,712","21,334,826,225",147.0,147.5,143.0,145.5, 0.00,"59,987",2317
113/03/26,"183,134,455","26,273,764,855",146.0,147.0,139.0,142.0,-3.50,"83,230",2317
113/03/27,"147,441,892","21,585,196,958",143.0,150.0,143.0,148.5,+6.50,"70,894",2317
113/03/28,"200,955,134","30,872,961,740",150.5,157.0,150.0,155.5,+7.00,"95,738",2317
113/03/29,"154,117,085","23,632,502,947",157.0,157.5,150.0,150.0,-5.50,"97,343",2317
113/04/01,"78,537,153","11,925,127,763",151.0,154.5,150.0,150.5,+0.50,"42,398",2317
113/04/02,"180,494,521","28,086,273,426",152.0,159.5,151.0,159.0,+8.50,"80,443",2317
113/04/03,"142,522,729","22,371,497,644",156.0,159.0,155.0,159.0, 0.00,"63,209",2317
113/04/08,"109,070,055","17,246,511,925",159.0,160.0,156.5,158.0,-1.00,"47,875",2317
113/04/09,"102,584,375","16,273,584,213",158.5,161.5,155.5,158.0, 0.00,"56,349",2317
113/04/10,"98,947,805","15,448,179,471",159.0,160.0,154.0,154.5,-3.50,"55,685",2317
113/04/11,"174,128,794","26,094,065,300",153.0,153.5,147.0,150.0,-4.50,"98,358",2317
113/04/12,"118,079,241","17,853,619,777",151.0,153.5,148.5,150.5,+0.50,"48,466",2317
113/04/15,"113,282,549","16,647,693,899",148.5,150.0,144.5,146.0,-4.50,"62,507",2317
113/04/16,"177,628,458","24,873,995,882",142.5,143.0,137.5,141.0,-5.00,"88,723",2317
113/04/17,"105,843,742","15,332,678,859",143.0,147.5,141.0,146.5,+5.50,"51,481",2317
113/04/18,"76,071,986","11,198,695,942",144.5,148.5,144.5,148.0,+1.50,"35,021",2317
113/04/19,"133,862,460","19,138,041,136",146.0,147.5,140.0,143.0,-5.00,"70,725",2317
113/04/22,"71,622,415","10,254,949,481",141.5,145.5,141.5,143.0, 0.00,"34,393",2317
113/04/23,"68,570,312","9,926,746,521",145.5,146.5,143.5,144.0,+1.00,"26,841",2317
113/04/24,"193,442,337","29,479,331,645",147.5,157.0,146.5,156.0,+12.00,"86,029",2317
113/04/25,"109,088,390","16,645,440,545",153.0,154.5,151.0,151.5,-4.50,"58,725",2317
113/04/26,"100,344,911","15,645,735,231",156.5,158.0,154.0,155.0,+3.50,"46,551",2317
113/04/29,"99,096,768","15,720,358,140",157.0,161.0,156.0,158.5,+3.50,"51,528",2317
113/04/30,"73,433,543","11,579,053,739",159.5,161.0,156.0,156.0,-2.50,"39,006",2317
113/05/02,"67,513,806","10,356,048,901",153.5,155.0,152.0,154.0,-2.00,"30,879",2317
113/05/03,"68,197,928","10,731,628,875",157.5,159.0,156.0,156.0,+2.00,"30,929",2317
113/05/06,"179,516,827","29,682,254,035",161.5,168.5,161.0,167.5,+11.50,"103,277",2317
113/05/07,"126,287,105","21,356,710,345",169.5,171.0,166.5,169.5,+2.00,"72,560",2317
113/05/08,"78,084,583","13,254,161,269",168.5,171.5,168.0,169.5, 0.00,"44,087",2317
113/05/09,"114,983,332","19,833,371,468",169.5,175.0,169.5,170.5,+1.00,"62,224",2317
113/05/10,"85,310,403","14,450,512,084",171.5,172.0,167.0,169.5,-1.00,"47,274",2317
113/05/13,"78,843,674","13,484,783,543",171.0,173.0,169.0,169.5, 0.00,"44,491",2317
113/05/14,"125,671,087","21,512,647,061",170.0,175.0,168.0,172.0,+2.50,"63,359",2317
113/05/15,"156,608,812","26,587,852,187",168.0,174.0,165.5,170.5,-1.50,"86,077",2317
113/05/16,"151,581,757","26,534,649,671",175.0,179.0,170.5,171.5,+1.00,"78,824",2317
113/05/17,"89,280,668","15,170,624,052",173.0,173.0,167.0,170.0,-1.50,"69,059",2317
113/05/20,"75,406,063","12,652,387,586",170.0,170.5,166.0,167.5,-2.50,"58,491",2317
113/05/21,"47,272,089","7,876,646,755",166.0,168.5,165.5,166.0,-1.50,"33,570",2317
113/05/22,"55,692,866","9,402,953,187",166.0,170.5,166.0,169.0,+3.00,"32,413",2317
113/05/23,"84,761,305","14,609,041,232",173.5,174.0,169.5,173.0,+4.00,"44,857",2317
113/05/24,"72,217,014","12,590,363,373",172.0,176.0,171.0,176.0,+3.00,"46,278",2317
113/05/27,"115,328,484","21,133,969,515",179.0,185.0,178.5,185.0,+9.00,"82,407",2317
113/05/28,"71,081,551","13,140,134,110",185.5,186.0,183.5,185.5,+0.50,"71,106",2317
113/05/29,"79,257,473","14,466,097,397",185.5,186.0,180.5,180.5,-5.00,"58,857",2317
113/05/30,"80,629,020","14,299,977,466",177.0,179.5,176.0,176.5,-4.00,"61,089",2317
113/05/31,"150,789,406","26,271,213,387",177.0,179.0,172.0,172.0,-4.50,"83,966",2317
113/06/03,"90,323,078","15,969,599,627",177.0,179.5,174.5,176.5,+4.50,"53,352",2317
113/06/04,"104,412,410","18,008,953,714",175.0,176.5,170.0,171.0,-5.50,"78,780",2317
113/06/05,"118,643,822","20,674,659,753",171.0,178.0,168.5,175.5,+4.50,"66,524",2317
113/06/06,"122,671,053","22,094,756,570",181.5,183.0,177.5,177.5,+2.00,"78,146",2317
113/06/07,"56,520,045","10,049,044,147",177.5,180.0,176.5,177.5, 0.00,"43,159",2317
113/06/11,"85,329,821","15,338,544,528",179.0,181.5,177.5,180.5,+3.00,"38,710",2317
113/06/12,"126,289,783","23,393,538,750",184.0,188.0,182.5,187.5,+7.00,"73,072",2317
113/06/13,"148,512,198","28,450,483,573",191.0,195.0,188.0,192.0,+4.50,"101,895",2317
113/06/14,"125,211,164","24,479,589,921",192.5,198.5,191.0,198.0,+6.00,"75,673",2317
113/06/17,"90,945,035","17,988,971,061",197.5,200.0,195.0,200.0,+2.00,"59,920",2317
113/06/18,"93,439,720","18,599,886,778",200.5,201.0,197.0,198.5,-1.50,"65,645",2317
113/06/19,"176,031,571","36,081,706,615",200.0,208.0,199.5,203.0,+4.50,"107,041",2317
113/06/20,"180,562,091","38,133,209,814",205.0,217.5,203.5,217.5,+14.50,"104,422",2317
113/06/21,"174,076,905","37,127,696,834",211.0,217.5,211.0,212.0,-5.50,"97,392",2317
113/06/24,"109,548,050","22,653,801,367",209.5,210.0,205.0,206.0,-6.00,"82,746",2317
113/06/25,"121,206,515","25,045,108,196",203.0,212.0,201.0,211.0,+5.00,"70,769",2317
113/06/26,"110,939,569","23,499,859,690",211.5,215.5,210.0,210.0,-1.00,"63,281",2317
113/06/27,"85,520,365","18,119,649,387",208.0,214.5,207.5,212.5,+2.50,"45,667",2317
113/06/28,"76,615,716","16,423,256,571",214.0,216.0,212.5,214.0,+1.50,"42,916",2317
113/07/01,"74,505,315","16,078,735,485",215.0,217.0,214.5,216.0,+2.00,"43,491",2317
113/07/02,"147,154,898","30,602,743,184",212.0,213.0,203.0,204.5,X0.00,"128,721",2317
113/07/03,"77,916,135","15,974,048,414",205.0,208.0,203.0,203.0,-1.50,"67,881",2317
113/07/04,"112,375,851","23,865,052,729",208.0,215.0,207.5,214.5,+11.50,"73,515",2317
113/07/05,"44,877,435","9,608,898,174",214.0,215.5,212.5,214.5, 0.00,"44,283",2317
113/07/08,"116,266,597","25,999,507,999",217.0,226.5,216.5,226.5,+12.00,"81,632",2317
113/07/09,"140,667,212","31,972,261,941",226.5,234.5,220.5,225.5,-1.00,"110,588",2317
113/07/10,"72,345,924","16,175,517,511",225.5,226.0,220.5,223.5,-2.00,"59,377",2317
113/07/11,"66,478,277","15,013,634,144",226.5,229.0,224.0,225.5,+2.00,"44,786",2317
113/07/12,"145,211,899","31,540,686,831",219.0,221.0,214.0,216.0,-9.50,"148,848",2317
113/07/15,"53,360,233","11,564,701,198",216.5,219.0,214.5,216.5,+0.50,"40,212",2317
113/07/16,"84,353,418","18,071,422,075",216.5,217.5,212.5,213.0,-3.50,"69,899",2317
113/07/17,"76,957,900","16,434,832,998",213.0,217.5,211.5,212.0,-1.00,"54,093",2317
113/07/18,"136,319,692","27,955,662,427",206.0,209.0,203.0,204.0,-8.00,"126,875",2317
113/07/19,"92,595,590","18,698,864,046",200.5,204.0,200.0,204.0, 0.00,"74,087",2317
113/07/22,"162,437,272","31,663,789,302",203.0,204.0,191.0,192.5,-11.50,"138,256",2317
113/07/23,"86,260,900","17,207,851,304",198.5,201.5,197.0,201.5,+9.00,"60,728",2317
113/07/26,"105,379,193","20,201,830,838",190.0,194.0,188.5,192.0,-9.50,"97,070",2317
113/07/29,"59,992,669","11,633,485,095",196.0,197.0,192.0,193.0,+1.00,"40,921",2317
113/07/30,"56,000,732","10,814,583,971",190.5,197.0,189.0,196.0,+3.00,"40,850",2317
113/07/31,"78,102,814","15,516,769,258",194.5,202.0,194.0,198.0,+2.00,"44,998",2317
113/08/01,"71,018,214","14,415,202,229",205.0,205.5,200.5,202.5,+4.50,"41,705",2317
113/08/02,"180,006,074","34,309,570,053",192.5,194.5,185.5,186.5,-16.00,"180,226",2317
113/08/05,"235,984,497","39,931,952,149",169.5,172.5,168.0,168.0,-18.50,"180,467",2317
113/08/06,"312,722,064","52,502,900,780",173.5,175.0,160.0,167.5,-0.50,"169,366",2317
113/08/07,"172,980,115","29,614,701,438",169.0,175.0,168.0,170.5,+3.00,"106,835",2317
113/08/08,"175,362,627","28,738,573,698",163.5,166.5,161.0,163.5,-7.00,"124,274",2317
113/08/09,"138,560,409","23,576,514,546",170.0,172.0,168.0,168.5,+5.00,"77,924",2317
113/08/12,"116,336,000","20,471,799,850",172.0,179.0,171.5,176.0,+7.50,"73,217",2317
113/08/13,"117,511,594","21,246,757,812",180.0,183.0,178.0,181.0,+5.00,"74,230",2317
113/08/14,"99,284,664","18,403,713,063",186.0,187.0,183.5,185.5,+4.50,"58,594",2317
113/08/15,"85,168,990","15,597,220,467",185.5,186.0,181.0,181.0,-4.50,"69,384",2317
113/08/16,"73,463,052","13,598,937,157",186.0,187.0,183.0,184.0,+3.00,"49,246",2317
113/08/19,"58,296,324","10,895,078,643",185.0,188.0,184.5,187.0,+3.00,"41,243",2317
113/08/20,"85,359,040","16,073,514,773",189.5,191.0,186.0,186.5,-0.50,"60,468",2317
113/08/21,"73,330,894","13,472,333,866",185.0,186.0,181.5,183.5,-3.00,"59,842",2317
113/08/22,"74,784,164","13,506,319,190",184.0,185.0,179.0,179.5,-4.00,"64,888",2317
113/08/23,"50,027,162","8,912,666,314",176.0,181.0,175.0,180.0,+0.50,"41,328",2317
113/08/26,"42,914,990","7,848,485,950",182.0,185.0,180.5,182.0,+2.00,"32,596",2317
113/08/27,"28,579,088","5,157,009,913",181.5,182.0,179.0,180.5,-1.50,"32,152",2317
113/08/28,"60,573,731","11,100,743,471",181.0,186.0,179.5,185.5,+5.00,"40,669",2317
113/08/29,"58,392,678","10,641,492,477",180.5,185.5,180.0,184.5,-1.00,"41,615",2317
113/08/30,"55,298,840","10,204,591,983",185.0,186.0,183.5,184.5, 0.00,"25,936",2317
113/09/02,"36,343,903","6,688,191,942",185.5,187.0,182.0,183.0,-1.50,"26,722",2317
113/09/03,"52,160,276","9,664,621,237",184.0,187.0,183.0,185.0,+2.00,"30,186",2317
113/09/04,"126,923,199","22,545,752,187",175.0,181.0,172.0,179.5,-5.50,"88,719",2317
113/09/05,"77,629,690","13,796,237,402",180.0,181.0,175.0,175.0,-4.50,"72,711",2317
113/09/06,"39,222,622","6,922,689,688",175.5,178.0,175.0,176.5,+1.50,"28,471",2317
113/09/09,"68,938,987","11,869,037,943",172.0,174.0,170.5,172.0,-4.50,"63,220",2317
113/09/10,"92,555,358","15,703,874,968",173.5,174.0,167.5,169.0,-3.00,"78,401",2317
113/09/11,"29,538,055","5,032,175,690",170.0,172.0,169.5,169.5,+0.50,"20,075",2317
113/09/12,"53,142,993","9,359,414,247",174.5,177.5,174.0,177.5,+8.00,"39,767",2317
113/09/13,"37,100,441","6,557,941,556",179.0,179.5,175.0,176.0,-1.50,"27,286",2317
113/09/16,"54,484,267","9,745,444,472",177.0,182.0,175.0,181.0,+5.00,"34,487",2317
113/09/18,"78,892,097","13,867,710,200",179.0,179.5,173.5,174.0,-7.00,"72,219",2317
113/09/19,"41,818,994","7,338,504,656",174.5,176.5,173.0,176.5,+2.50,"24,742",2317
113/09/20,"82,199,775","14,730,717,699",180.0,182.0,177.0,177.0,+0.50,"39,913",2317
113/09/23,"30,951,518","5,552,858,366",178.0,180.5,177.5,180.0,+3.00,"26,766",2317
113/09/24,"57,714,716","10,452,057,970",179.0,184.0,178.0,183.0,+3.00,"38,239",2317
113/09/25,"119,878,344","22,641,200,780",186.5,191.0,186.0,188.5,+5.50,"81,722",2317
113/09/26,"66,162,758","12,583,833,926",192.0,193.0,188.5,189.5,+1.00,"64,179",2317
113/09/27,"69,739,488","13,370,192,685",192.0,194.0,190.0,191.0,+1.50,"57,434",2317
113/09/30,"64,605,410","12,219,149,922",190.0,191.0,187.5,187.5,-3.50,"76,067",2317
113/10/01,"36,339,680","6,812,209,357",189.0,190.0,185.5,187.0,-0.50,"33,125",2317
113/10/04,"118,705,879","22,937,372,648",188.0,196.5,188.0,194.0,+7.00,"71,996",2317
113/10/07,"84,399,003","16,617,477,858",199.0,199.0,195.0,197.5,+3.50,"83,028",2317
113/10/08,"56,919,495","11,111,098,449",197.0,197.5,194.0,194.0,-3.50,"41,542",2317
113/10/09,"84,123,315","16,699,561,256",198.0,200.0,197.0,199.0,+5.00,"52,273",2317
113/10/11,"71,856,959","14,407,126,388",200.0,202.0,199.0,200.0,+1.00,"61,591",2317
113/10/14,"36,897,701","7,314,343,806",200.0,200.0,196.5,199.0,-1.00,"30,561",2317
113/10/15,"129,198,222","26,474,993,881",201.0,207.5,200.5,207.0,+8.00,"82,815",2317
113/10/16,"99,708,717","20,478,795,445",204.0,207.5,203.5,205.0,-2.00,"61,667",2317
113/10/17,"66,198,561","13,716,403,160",207.5,209.0,204.0,208.5,+3.50,"42,868",2317
113/10/18,"107,497,437","22,496,182,726",210.0,211.0,207.0,207.5,-1.00,"63,732",2317
113/10/21,"59,461,934","12,553,871,788",210.0,213.5,209.0,210.0,+2.50,"42,327",2317
113/10/22,"94,132,714","20,135,549,269",211.0,216.0,209.0,215.5,+5.50,"63,914",2317
113/10/23,"51,836,095","11,146,585,671",214.5,217.0,213.0,216.0,+0.50,"52,331",2317
113/10/24,"80,712,284","17,138,812,263",215.0,215.5,210.0,211.5,-4.50,"77,588",2317
113/10/25,"49,896,574","10,691,350,004",212.5,216.0,212.0,216.0,+4.50,"35,110",2317
113/10/28,"96,697,162","21,028,802,878",218.5,221.5,214.0,215.0,-1.00,"65,676",2317
113/10/29,"87,991,240","18,457,446,806",213.0,213.0,207.0,209.5,-5.50,"91,406",2317
113/10/30,"68,400,059","14,511,199,772",209.5,215.5,209.0,211.5,+2.00,"46,335",2317
113/11/01,"89,610,123","18,433,074,201",202.0,208.5,201.5,208.0,-3.50,"80,888",2317
113/11/04,"58,094,813","12,294,890,607",209.0,214.0,208.0,214.0,+6.00,"39,861",2317
113/11/05,"43,852,449","9,367,062,523",212.0,215.5,211.0,214.0, 0.00,"38,403",2317
113/11/06,"67,838,254","14,573,660,427",215.0,217.0,212.5,213.5,-0.50,"45,706",2317
113/11/07,"77,417,403","16,779,105,487",212.0,219.0,212.0,217.0,+3.50,"53,480",2317
113/11/08,"54,800,994","11,986,609,909",219.5,220.0,217.5,218.0,+1.00,"51,977",2317
113/11/11,"42,180,625","9,234,072,034",219.5,220.0,217.5,220.0,+2.00,"31,177",2317
113/11/12,"69,315,077","14,949,730,622",217.5,218.5,214.0,214.0,-6.00,"57,578",2317
113/11/13,"55,926,693","11,973,365,753",212.5,216.5,212.5,214.5,+0.50,"36,731",2317
113/11/14,"72,322,171","15,335,395,727",215.0,215.5,209.0,211.5,-3.00,"55,336",2317
113/11/15,"102,463,857","21,409,852,373",212.0,214.5,206.0,207.0,-4.50,"90,848",2317
113/11/18,"61,852,042","12,613,633,700",205.0,208.0,202.0,202.5,-4.50,"63,316",2317
113/11/19,"60,416,837","12,275,277,231",203.5,205.0,201.0,203.5,+1.00,"45,425",2317
113/11/20,"44,351,353","9,149,397,305",206.5,208.5,205.0,206.0,+2.50,"30,182",2317
113/11/21,"50,295,948","10,213,455,556",205.0,205.0,202.0,202.5,-3.50,"40,002",2317
113/11/22,"37,504,512","7,668,676,032",205.5,207.0,203.0,203.0,+0.50,"27,903",2317
113/11/25,"80,800,240","16,909,706,981",206.0,210.5,205.5,210.5,+7.50,"32,913",2317
113/11/26,"95,313,693","19,363,557,785",207.0,207.0,202.0,202.5,-8.00,"99,867",2317
113/11/27,"96,019,881","19,063,838,432",200.5,201.0,196.5,196.5,-6.00,"110,119",2317
113/11/28,"58,511,555","11,432,751,066",196.0,199.0,193.0,195.5,-1.00,"58,622",2317
113/11/29,"50,800,936","9,954,052,225",193.5,199.0,192.5,195.5, 0.00,"37,878",2317
113/12/02,"47,905,269","9,428,699,635",198.5,199.5,195.5,196.0,+0.50,"41,679",2317
113/12/03,"52,170,125","10,312,565,933",198.5,200.0,196.5,196.5,+0.50,"47,992",2317
113/12/04,"50,379,504","10,055,268,944",197.5,201.5,197.0,201.0,+4.50,"32,459",2317
113/12/05,"46,475,440","9,319,676,695",203.0,203.5,199.0,199.0,-2.00,"47,064",2317
113/12/06,"47,526,532","9,465,077,239",199.5,201.5,197.5,198.0,-1.00,"36,972",2317
113/12/09,"41,114,306","8,084,426,101",198.5,199.0,195.0,195.0,-3.00,"55,012",2317
113/12/10,"58,994,150","11,375,383,210",193.0,195.0,192.0,192.0,-3.00,"73,633",2317
113/12/11,"66,246,732","12,596,425,979",190.0,194.0,189.0,189.0,-3.00,"86,964",2317
113/12/12,"50,634,757","9,624,979,364",190.5,193.0,188.5,188.5,-0.50,"51,432",2317
113/12/13,"55,417,050","10,371,852,143",188.5,189.5,185.5,186.5,-2.00,"78,777",2317
113/12/16,"75,228,642","13,834,643,194",188.0,189.5,181.5,182.0,-4.50,"96,744",2317
113/12/17,"55,667,607","10,220,503,792",181.0,186.0,181.0,183.0,+1.00,"47,278",2317
113/12/18,"47,937,386","8,823,563,402",183.0,185.5,182.5,184.5,+1.50,"36,056",2317
113/12/19,"65,029,900","11,756,961,039",181.0,182.0,179.0,181.0,-3.50,"68,455",2317
113/12/20,"56,744,328","10,296,646,083",181.0,184.0,180.0,181.0, 0.00,"33,841",2317
113/12/23,"52,761,423","9,808,419,401",185.0,187.5,184.0,185.5,+4.50,"37,334",2317
113/12/24,"33,589,660","6,258,359,645",187.5,187.5,185.5,185.5, 0.00,"29,234",2317
113/12/25,"21,758,176","4,062,013,540",186.5,188.0,186.0,186.5,+1.00,"18,772",2317
113/12/26,"36,347,153","6,835,578,141",187.5,189.0,187.0,187.5,+1.00,"26,373",2317
113/12/27,"22,136,195","4,128,454,600",187.5,188.0,185.5,186.5,-1.00,"22,469",2317
113/12/30,"24,531,536","4,550,186,856",185.5,187.0,184.5,185.0,-1.50,"22,906",2317
113/12/31,"22,003,451","4,048,043,958",184.5,185.0,183.0,184.0,-1.00,"24,178",2317
114/01/02,"41,467,354","7,588,159,603",184.0,186.0,181.5,182.5,-1.50,"48,006",2317
114/01/03,"48,659,205","8,838,730,132",183.0,184.0,180.5,181.0,-1.50,"52,820",2317
114/01/06,"67,829,021","12,539,307,339",185.0,187.5,183.5,184.5,+3.50,"48,289",2317
114/01/07,"83,019,294","15,727,768,928",187.0,192.0,186.5,190.0,+5.50,"61,312",2317
114/01/08,"41,798,818","7,881,691,230",190.0,190.0,187.0,188.0,-2.00,"68,591",2317
114/01/09,"47,079,538","8,712,211,883",188.0,188.0,183.0,183.0,-5.00,"53,956",2317
114/01/10,"42,317,494","7,698,779,260",182.5,184.0,181.0,181.5,-1.50,"47,888",2317
114/01/13,"157,188,534","27,407,637,685",180.0,180.5,171.5,171.5,-10.00,"192,669",2317
114/01/14,"64,355,673","11,130,474,220",171.5,174.5,171.0,174.5,+3.00,"52,963",2317
114/01/15,"60,432,737","10,411,822,201",174.5,175.5,171.0,171.0,-3.50,"65,891",2317
114/01/16,"42,128,703","7,331,867,358",175.0,176.0,173.0,173.5,+2.50,"32,338",2317
114/01/17,"47,442,329","8,231,498,177",173.0,175.5,172.0,173.5, 0.00,"33,175",2317
114/01/20,"35,167,919","6,214,216,149",174.5,178.0,174.5,178.0,+4.50,"44,005",2317
114/01/21,"32,613,034","5,818,448,615",178.5,180.0,177.0,178.5,+0.50,"31,806",2317
114/01/22,"44,375,092","7,991,917,051",180.5,181.0,178.5,180.0,+1.50,"34,107",2317
113/01/02,"27,997,826","16,549,619,798",590.00,593.00,589.00,593.00, 0.00,"20,667",2330
113/01/03,"40,134,497","23,267,025,945",584.00,585.00,576.00,578.00,-15.00,"56,916",2330
113/01/04,"18,063,758","10,466,284,102",580.00,581.00,577.00,580.00,+2.00,"15,010",2330
113/01/05,"22,008,878","12,685,460,114",578.00,580.00,574.00,576.00,-4.00,"28,660",2330
113/01/08,"19,270,119","11,232,942,053",582.00,585.00,579.00,583.00,+7.00,"19,950",2330
113/01/09,"23,718,766","13,909,252,422",588.00,589.00,583.00,586.00,+3.00,"23,975",2330
113/01/10,"13,708,117","8,006,229,126",581.00,586.00,580.00,584.00,-2.00,"16,104",2330
113/01/11,"27,842,729","16,323,168,586",586.00,589.00,583.00,586.00,+2.00,"20,754",2330
113/01/12,"17,636,558","10,304,253,419",581.00,588.00,581.00,584.00,-2.00,"15,765",2330
113/01/15,"21,900,687","12,873,769,022",590.00,590.00,585.00,586.00,+2.00,"21,886",2330
113/01/16,"28,889,681","16,817,280,777",581.00,588.00,579.00,580.00,-6.00,"21,938",2330
113/01/17,"46,857,735","27,229,863,028",583.00,584.00,578.00,581.00,+1.00,"28,790",2330
113/01/18,"36,746,623","21,575,062,923",586.00,589.00,585.00,588.00,+7.00,"28,621",2330
113/01/19,"176,166,037","109,423,769,320",625.00,627.00,614.00,626.00,+38.00,"207,364",2330
113/01/22,"70,829,523","44,436,449,501",633.00,633.00,623.00,626.00, 0.00,"56,376",2330
113/01/23,"45,761,889","28,681,559,251",629.00,629.00,622.00,628.00,+2.00,"34,729",2330
113/01/24,"29,905,121","18,779,693,566",628.00,630.00,624.00,627.00,-1.00,"27,062",2330
113/01/25,"59,214,638","37,803,501,446",635.00,642.00,633.00,642.00,+15.00,"85,006",2330
113/01/26,"44,103,850","28,392,638,215",644.00,646.00,639.00,644.00,+2.00,"41,691",2330
113/01/29,"29,828,008","19,268,444,564",646.00,648.00,644.00,648.00,+4.00,"32,347",2330
113/01/30,"40,398,877","26,028,211,247",642.00,647.00,642.00,642.00,-6.00,"35,002",2330
113/01/31,"47,554,701","29,978,630,024",634.00,637.00,626.00,628.00,-14.00,"61,811",2330
113/02/01,"46,924,943","29,237,425,981",625.00,628.00,619.00,628.00, 0.00,"51,671",2330
113/02/02,"27,797,894","17,563,853,315",633.00,635.00,628.00,635.00,+7.00,"22,257",2330
113/02/05,"48,037,344","30,931,242,935",645.00,647.00,638.00,646.00,+11.00,"51,065",2330
113/02/15,"132,263,803","92,592,826,951",709.00,709.00,693.00,697.00,+51.00,"130,374",2330
113/02/16,"48,963,167","33,742,716,965",697.00,699.00,683.00,683.00,-14.00,"56,882",2330
113/02/19,"36,366,837","24,665,534,552",674.00,682.00,674.00,678.00,-5.00,"35,240",2330
113/02/20,"31,403,730","21,494,427,969",675.00,688.00,675.00,687.00,+9.00,"32,847",2330
113/02/21,"31,980,543","21,748,906,940",678.00,683.00,678.00,681.00,-6.00,"36,004",2330
113/02/22,"34,269,392","23,664,176,835",695.00,695.00,685.00,692.00,+11.00,"36,998",2330
113/02/23,"48,404,478","33,847,447,281",701.00,703.00,696.00,697.00,+5.00,"48,018",2330
113/02/26,"29,976,379","20,917,136,411",700.00,700.00,695.00,698.00,+1.00,"25,850",2330
113/02/27,"35,389,548","24,647,159,479",700.00,701.00,691.00,698.00, 0.00,"31,145",2330
113/02/29,"59,337,072","40,973,093,720",691.00,698.00,688.00,690.00,-8.00,"39,066",2330
113/03/01,"24,167,721","16,699,995,060",697.00,697.00,688.00,689.00,-1.00,"26,282",2330
113/03/04,"97,210,112","69,868,348,694",714.00,725.00,711.00,725.00,+36.00,"125,799",2330
113/03/05,"73,299,411","53,751,887,376",735.00,738.00,728.00,730.00,+5.00,"69,851",2330
113/03/06,"52,464,833","38,203,868,985",718.00,738.00,717.00,735.00,+5.00,"49,897",2330
113/03/07,"80,382,406","61,221,034,146",755.00,769.00,754.00,760.00,+25.00,"96,348",2330
113/03/08,"98,069,174","77,295,575,097",795.00,796.00,772.00,784.00,+24.00,"110,758",2330
113/03/11,"73,436,931","56,348,050,108",768.00,778.00,761.00,766.00,-18.00,"107,368",2330
113/03/12,"63,336,798","48,288,411,581",757.00,771.00,754.00,770.00,+4.00,"56,154",2330
113/03/13,"43,130,896","33,672,441,212",785.00,785.00,777.00,779.00,+9.00,"37,744",2330
113/03/14,"48,964,017","38,196,293,503",779.00,785.00,770.00,784.00,+5.00,"35,137",2330
113/03/15,"80,580,846","61,451,780,435",771.00,777.00,753.00,753.00,-31.00,"95,014",2330
113/03/18,"46,006,400","34,967,084,535",754.00,765.00,754.00,764.00,X0.00,"40,073",2330
113/03/19,"32,078,900","24,399,917,859",758.00,765.00,755.00,762.00,-2.00,"31,208",2330
113/03/20,"48,788,389","37,117,091,830",764.00,769.00,752.00,758.00,-4.00,"46,702",2330
113/03/21,"47,759,094","37,203,673,872",773.00,784.00,772.00,784.00,+26.00,"48,467",2330
113/03/22,"32,629,749","25,521,571,701",788.00,789.00,775.00,785.00,+1.00,"33,054",2330
113/03/25,"21,223,414","16,612,693,369",783.00,788.00,779.00,780.00,-5.00,"24,794",2330
113/03/26,"43,103,294","33,847,261,033",788.00,792.00,776.00,782.00,+2.00,"35,046",2330
113/03/27,"19,732,209","15,418,346,943",785.00,785.00,779.00,779.00,-3.00,"21,006",2330
113/03/28,"28,393,398","21,889,883,699",774.00,776.00,768.00,769.00,-10.00,"39,848",2330
113/03/29,"20,212,820","15,682,908,766",769.00,781.00,768.00,779.00,+10.00,"18,110",2330
113/04/01,"22,348,250","17,301,753,062",783.00,783.00,769.00,770.00,-9.00,"28,192",2330
113/04/02,"42,219,075","33,230,356,267",784.00,790.00,783.00,790.00,+20.00,"41,138",2330
113/04/03,"32,909,892","25,719,094,412",783.00,785.00,778.00,780.00,-10.00,"36,003",2330
113/04/08,"40,567,580","31,925,988,285",789.00,792.00,783.00,783.00,+3.00,"29,304",2330
113/04/09,"61,642,573","49,946,542,596",795.00,820.00,792.00,819.00,+36.00,"89,138",2330
113/04/10,"31,109,466","25,358,780,514",815.00,819.00,810.00,815.00,-4.00,"39,131",2330
113/04/11,"27,772,972","22,655,121,636",811.00,820.00,811.00,820.00,+5.00,"34,739",2330
113/04/12,"32,473,155","26,663,806,808",823.00,826.00,817.00,818.00,-2.00,"38,091",2330
113/04/15,"41,251,141","33,300,372,097",804.00,812.00,803.00,806.00,-12.00,"60,451",2330
113/04/16,"54,120,813","42,833,069,476",802.00,803.00,785.00,788.00,-18.00,"127,956",2330
113/04/17,"36,616,351","29,324,186,091",798.00,808.00,793.00,804.00,+16.00,"43,890",2330
113/04/18,"45,765,617","36,684,269,610",796.00,810.00,792.00,804.00, 0.00,"46,571",2330
113/04/19,"143,868,560","109,032,970,933",769.00,770.00,746.00,750.00,-54.00,"356,590",2330
113/04/22,"52,354,944","39,093,628,250",740.00,757.00,740.00,742.00,-8.00,"103,120",2330
113/04/23,"32,067,682","24,247,217,869",761.00,761.00,752.00,754.00,+12.00,"34,807",2330
113/04/24,"41,652,749","32,458,429,294",770.00,785.00,769.00,783.00,+29.00,"58,442",2330
113/04/25,"30,492,037","23,412,746,667",770.00,774.00,765.00,766.00,-17.00,"64,220",2330
113/04/26,"34,721,905","27,272,338,208",788.00,789.00,782.00,782.00,+16.00,"42,824",2330
113/04/29,"30,704,200","24,322,394,064",790.00,795.00,787.00,795.00,+13.00,"35,585",2330
113/04/30,"41,627,249","33,118,845,170",797.00,802.00,790.00,790.00,-5.00,"40,926",2330
113/05/02,"47,536,363","36,983,047,647",789.00,789.00,772.00,772.00,-18.00,"85,051",2330
113/05/03,"31,026,748","24,240,817,990",788.00,788.00,773.00,780.00,+8.00,"35,153",2330
113/05/06,"33,733,509","26,644,713,164",791.00,793.00,786.00,786.00,+6.00,"32,394",2330
113/05/07,"35,917,824","28,623,349,239",797.00,800.00,792.00,800.00,+14.00,"38,340",2330
113/05/08,"22,585,765","18,032,263,877",794.00,802.00,792.00,802.00,+2.00,"23,525",2330
113/05/09,"22,863,681","18,267,303,103",798.00,802.00,796.00,796.00,-6.00,"23,671",2330
113/05/10,"27,560,431","22,107,595,449",803.00,807.00,798.00,802.00,+6.00,"41,029",2330
113/05/13,"38,146,948","31,315,059,679",823.00,825.00,818.00,819.00,+17.00,"49,327",2330
113/05/14,"29,663,617","24,309,306,615",816.00,825.00,811.00,825.00,+6.00,"34,685",2330
113/05/15,"41,805,778","35,112,739,055",838.00,844.00,837.00,839.00,+14.00,"57,892",2330
113/05/16,"46,276,890","39,179,826,883",852.00,856.00,837.00,841.00,+2.00,"60,617",2330
113/05/17,"27,855,719","23,373,478,247",848.00,848.00,834.00,835.00,-6.00,"38,718",2330
113/05/20,"30,148,330","25,069,342,221",834.00,838.00,822.00,835.00, 0.00,"43,094",2330
113/05/21,"20,548,110","17,214,095,315",830.00,841.00,830.00,841.00,+6.00,"20,770",2330
113/05/22,"40,904,357","35,027,824,713",845.00,865.00,843.00,864.00,+23.00,"63,360",2330
113/05/23,"40,771,207","35,638,205,695",875.00,877.00,867.00,875.00,+11.00,"50,325",2330
113/05/24,"37,353,467","32,358,555,678",858.00,872.00,858.00,867.00,-8.00,"50,611",2330
113/05/27,"32,691,921","28,496,096,179",872.00,878.00,866.00,869.00,+2.00,"42,682",2330
113/05/28,"32,712,504","28,375,286,215",867.00,873.00,865.00,865.00,-4.00,"37,323",2330
113/05/29,"51,073,346","43,924,367,680",861.00,868.00,856.00,857.00,-8.00,"67,680",2330
113/05/30,"42,535,118","35,840,589,611",841.00,848.00,838.00,838.00,-19.00,"110,390",2330
113/05/31,"90,177,283","74,602,358,441",838.00,846.00,821.00,821.00,-17.00,"102,070",2330
113/06/03,"29,629,706","25,053,781,742",839.00,853.00,837.00,846.00,+25.00,"40,694",2330
113/06/04,"31,031,104","26,107,162,214",844.00,851.00,837.00,839.00,-7.00,"52,392",2330
113/06/05,"37,531,781","31,774,150,536",841.00,857.00,835.00,854.00,+15.00,"41,869",2330
113/06/06,"67,300,344","60,138,015,941",893.00,899.00,885.00,894.00,+40.00,"112,332",2330
113/06/07,"44,489,018","39,240,336,617",885.00,888.00,879.00,879.00,-15.00,"85,990",2330
113/06/11,"57,435,637","51,091,497,348",892.00,895.00,883.00,883.00,+4.00,"47,589",2330
113/06/12,"51,874,967","46,791,431,521",888.00,914.00,888.00,909.00,+26.00,"74,526",2330
113/06/13,"59,656,092","54,980,784,829",923.00,935.00,911.00,919.00,X0.00,"98,777",2330
113/06/14,"43,289,572","39,603,293,460",916.00,922.00,905.00,922.00,+3.00,"62,552",2330
113/06/17,"28,796,529","26,475,733,502",913.00,925.00,913.00,921.00,-1.00,"44,582",2330
113/06/18,"40,870,419","38,583,515,635",944.00,950.00,940.00,943.00,+22.00,"55,791",2330
113/06/19,"76,684,138","74,395,758,883",953.00,984.00,953.00,981.00,+38.00,"117,235",2330
113/06/20,"52,144,900","50,859,632,569",971.00,981.00,971.00,981.00, 0.00,"107,978",2330
113/06/21,"97,995,843","94,882,220,706",961.00,978.00,960.00,970.00,-11.00,"131,503",2330
113/06/24,"74,081,708","70,162,177,693",958.00,960.00,940.00,940.00,-30.00,"227,255",2330
113/06/25,"62,079,701","57,978,440,842",925.00,945.00,923.00,945.00,+5.00,"103,844",2330
113/06/26,"48,821,135","46,668,874,056",951.00,960.00,951.00,960.00,+15.00,"56,563",2330
113/06/27,"41,276,086","39,447,006,518",951.00,961.00,949.00,960.00, 0.00,"41,133",2330
113/06/28,"42,998,776","41,476,565,443",956.00,971.00,955.00,966.00,+6.00,"42,853",2330
113/07/01,"20,936,005","20,320,957,284",968.00,977.00,965.00,968.00,+2.00,"38,293",2330
113/07/02,"27,992,930","26,971,516,491",967.00,971.00,959.00,960.00,-8.00,"38,928",2330
113/07/03,"25,022,531","24,386,705,873",976.00,979.00,967.00,979.00,+19.00,"36,096",2330
113/07/04,"47,251,502","47,347,126,144","1,000.00","1,010.00",997.00,"1,005.00",+26.00,"92,002",2330
113/07/05,"21,735,614","21,827,958,195","1,005.00","1,010.00","1,000.00","1,005.00", 0.00,"35,802",2330
113/07/08,"45,678,332","47,210,175,550","1,005.00","1,050.00","1,000.00","1,035.00",+30.00,"74,909",2330
113/07/09,"54,339,957","56,382,512,235","1,030.00","1,055.00","1,025.00","1,040.00",+5.00,"74,954",2330
113/07/10,"51,810,372","53,308,027,550","1,020.00","1,050.00","1,015.00","1,045.00",+5.00,"61,199",2330
113/07/11,"49,304,453","52,782,475,514","1,065.00","1,080.00","1,055.00","1,080.00",+35.00,"65,005",2330
113/07/12,"79,472,761","82,222,185,037","1,030.00","1,045.00","1,025.00","1,040.00",-40.00,"175,230",2330
113/07/15,"44,123,104","45,805,242,410","1,040.00","1,045.00","1,025.00","1,040.00", 0.00,"51,387",2330
113/07/16,"36,244,442","38,188,299,315","1,040.00","1,070.00","1,035.00","1,055.00",+15.00,"42,202",2330
113/07/17,"62,390,596","64,372,740,657","1,035.00","1,045.00","1,020.00","1,030.00",-25.00,"140,918",2330
113/07/18,"94,327,431","93,948,039,256",988.00,"1,005.00",986.00,"1,005.00",-25.00,"305,207",2330
113/07/19,"110,541,544","108,678,133,437",988.00,995.00,970.00,970.00,-35.00,"475,484",2330
113/07/22,"90,266,550","85,567,920,175",964.00,965.00,938.00,939.00,-31.00,"307,235",2330
113/07/23,"53,439,290","51,686,291,065",963.00,979.00,956.00,979.00,+40.00,"96,981",2330
113/07/26,"95,625,050","88,299,582,909",915.00,930.00,915.00,924.00,-55.00,"357,707",2330
113/07/29,"44,000,914","41,481,319,942",942.00,948.00,936.00,944.00,+20.00,"78,605",2330
113/07/30,"45,996,400","42,988,422,577",930.00,949.00,926.00,940.00,-4.00,"86,139",2330
113/07/31,"47,407,263","44,270,020,990",929.00,940.00,928.00,934.00,-6.00,"62,829",2330
113/08/01,"50,257,642","48,211,390,158",969.00,969.00,948.00,960.00,+26.00,"66,845",2330
113/08/02,"89,044,852","81,488,499,047",918.00,928.00,903.00,903.00,-57.00,"451,562",2330
113/08/05,"159,662,795","133,482,646,539",852.00,857.00,813.00,815.00,-88.00,"588,373",2330
113/08/06,"108,521,787","94,271,532,567",868.00,895.00,840.00,880.00,+65.00,"189,677",2330
113/08/07,"62,643,163","56,900,026,373",901.00,920.00,893.00,920.00,+40.00,"109,333",2330
113/08/08,"41,288,222","37,045,507,217",901.00,905.00,887.00,896.00,-24.00,"107,303",2330
113/08/09,"54,464,183","50,586,946,042",927.00,934.00,922.00,934.00,+38.00,"94,661",2330
113/08/12,"40,968,742","38,572,439,136",942.00,948.00,931.00,940.00,+6.00,"73,731",2330
113/08/13,"26,831,364","25,227,760,336",945.00,945.00,937.00,941.00,+1.00,"39,633",2330
113/08/14,"40,527,779","38,507,151,446",951.00,955.00,945.00,948.00,+7.00,"56,190",2330
113/08/15,"21,714,163","20,528,538,286",945.00,950.00,941.00,943.00,-5.00,"42,553",2330
113/08/16,"49,830,670","48,022,581,452",963.00,969.00,958.00,969.00,+26.00,"86,023",2330
113/08/19,"22,416,274","21,737,948,903",969.00,975.00,964.00,973.00,+4.00,"43,467",2330
113/08/20,"26,420,625","25,701,355,510",977.00,977.00,968.00,973.00, 0.00,"43,667",2330
113/08/21,"32,606,816","31,287,150,192",961.00,964.00,956.00,958.00,-15.00,"83,432",2330
113/08/22,"25,850,379","24,661,701,935",958.00,964.00,948.00,951.00,-7.00,"58,791",2330
113/08/23,"31,203,321","29,530,574,857",944.00,952.00,939.00,949.00,-2.00,"57,023",2330
113/08/26,"26,518,126","25,271,527,066",957.00,961.00,945.00,950.00,+1.00,"50,970",2330
113/08/27,"19,969,925","18,819,208,932",945.00,946.00,940.00,942.00,-8.00,"53,273",2330
113/08/28,"33,519,083","31,994,192,847",945.00,964.00,943.00,964.00,+22.00,"45,785",2330
113/08/29,"46,275,772","43,616,354,135",942.00,947.00,937.00,943.00,-21.00,"103,424",2330
113/08/30,"75,533,393","71,355,905,880",944.00,952.00,941.00,944.00,+1.00,"34,366",2330
113/09/02,"19,272,593","18,270,058,260",950.00,955.00,943.00,948.00,+4.00,"31,642",2330
113/09/03,"23,205,623","21,908,471,541",948.00,952.00,939.00,940.00,-8.00,"47,139",2330
113/09/04,"93,169,835","83,424,133,824",894.00,905.00,888.00,889.00,-51.00,"393,210",2330
113/09/05,"34,147,890","30,998,595,394",907.00,915.00,900.00,902.00,+13.00,"63,902",2330
113/09/06,"28,248,063","25,786,016,936",909.00,918.00,903.00,918.00,+16.00,"38,415",2330
113/09/09,"38,448,946","34,456,838,126",892.00,900.00,891.00,899.00,-19.00,"102,365",2330
113/09/10,"34,312,646","31,067,424,234",907.00,911.00,901.00,904.00,+5.00,"45,141",2330
113/09/11,"19,513,256","17,621,000,956",906.00,906.00,900.00,901.00,-3.00,"30,789",2330
113/09/12,"43,749,260","40,999,951,508",936.00,944.00,928.00,940.00,X0.00,"80,643",2330
113/09/13,"28,307,441","26,795,862,243",955.00,955.00,939.00,947.00,+7.00,"39,071",2330
113/09/16,"14,456,888","13,692,259,575",952.00,952.00,943.00,947.00, 0.00,"26,421",2330
113/09/18,"30,094,662","28,303,054,525",945.00,948.00,933.00,941.00,-6.00,"46,622",2330
113/09/19,"35,254,383","33,482,773,635",940.00,960.00,936.00,960.00,+19.00,"53,494",2330
113/09/20,"66,762,167","65,105,344,444",981.00,982.00,971.00,973.00,+13.00,"67,911",2330
113/09/23,"15,399,658","15,013,916,758",971.00,977.00,971.00,977.00,+4.00,"26,106",2330
113/09/24,"29,324,170","28,726,805,585",976.00,987.00,971.00,987.00,+10.00,"63,433",2330
113/09/25,"43,039,991","43,053,012,337","1,000.00","1,005.00",998.00,"1,005.00",+18.00,"82,005",2330
113/09/26,"43,341,810","43,835,515,361","1,010.00","1,015.00","1,005.00","1,015.00",+10.00,"78,670",2330
113/09/27,"37,665,070","38,074,974,690","1,020.00","1,025.00","1,000.00","1,000.00",-15.00,"52,093",2330
113/09/30,"66,874,949","65,017,701,862",978.00,990.00,957.00,957.00,-43.00,"166,934",2330
113/10/01,"27,877,267","27,093,881,327",967.00,977.00,967.00,972.00,+15.00,"37,862",2330
113/10/04,"43,765,757","42,845,984,122",986.00,986.00,967.00,977.00,+5.00,"43,935",2330
113/10/07,"43,850,831","43,905,376,215",993.00,"1,010.00",989.00,"1,005.00",+28.00,"79,851",2330
113/10/08,"35,344,059","35,503,172,585","1,000.00","1,010.00",997.00,"1,010.00",+5.00,"42,227",2330
113/10/09,"53,208,610","54,663,169,800","1,030.00","1,035.00","1,020.00","1,020.00",+10.00,"80,835",2330
113/10/11,"47,776,351","49,706,577,415","1,025.00","1,050.00","1,020.00","1,045.00",+25.00,"89,915",2330
113/10/14,"39,906,157","41,745,442,865","1,045.00","1,055.00","1,035.00","1,045.00", 0.00,"49,228",2330
113/10/15,"52,066,470","55,504,081,569","1,050.00","1,075.00","1,050.00","1,070.00",+25.00,"88,895",2330
113/10/16,"60,312,846","63,228,552,464","1,040.00","1,070.00","1,035.00","1,045.00",-25.00,"69,585",2330
113/10/17,"56,618,332","58,862,054,838","1,050.00","1,055.00","1,030.00","1,035.00",-10.00,"58,589",2330
113/10/18,"91,036,335","99,230,303,460","1,095.00","1,100.00","1,075.00","1,085.00",+50.00,"132,797",2330
113/10/21,"42,094,031","45,813,114,865","1,090.00","1,095.00","1,080.00","1,085.00", 0.00,"43,553",2330
113/10/22,"43,740,591","46,707,090,730","1,065.00","1,075.00","1,060.00","1,075.00",-10.00,"56,089",2330
113/10/23,"32,895,421","34,912,308,143","1,060.00","1,070.00","1,055.00","1,060.00",-15.00,"40,549",2330
113/10/24,"40,791,484","43,477,824,029","1,070.00","1,075.00","1,055.00","1,060.00", 0.00,"42,113",2330
113/10/25,"23,347,890","24,867,260,319","1,065.00","1,070.00","1,060.00","1,065.00",+5.00,"25,884",2330
113/10/28,"41,665,065","44,216,316,045","1,075.00","1,080.00","1,050.00","1,050.00",-15.00,"55,098",2330
113/10/29,"48,097,705","49,680,152,085","1,035.00","1,040.00","1,020.00","1,040.00",-10.00,"93,617",2330
113/10/30,"40,765,247","42,368,799,669","1,040.00","1,055.00","1,030.00","1,030.00",-10.00,"46,750",2330
113/11/01,"61,545,741","62,269,386,415",996.00,"1,030.00",996.00,"1,025.00",-5.00,"77,404",2330
113/11/04,"28,225,506","29,263,376,605","1,030.00","1,045.00","1,025.00","1,040.00",+15.00,"33,492",2330
113/11/05,"33,407,780","34,851,674,542","1,030.00","1,055.00","1,030.00","1,050.00",+10.00,"28,872",2330
113/11/06,"59,404,980","63,110,184,620","1,050.00","1,080.00","1,040.00","1,060.00",+10.00,"58,611",2330
113/11/07,"46,030,563","48,979,606,039","1,050.00","1,075.00","1,050.00","1,065.00",+5.00,"41,583",2330
113/11/08,"38,840,413","42,224,017,162","1,085.00","1,090.00","1,080.00","1,090.00",+25.00,"58,203",2330
113/11/11,"36,630,666","39,467,913,757","1,080.00","1,090.00","1,070.00","1,085.00",-5.00,"48,859",2330
113/11/12,"54,098,799","57,135,037,210","1,060.00","1,065.00","1,050.00","1,050.00",-35.00,"92,756",2330
113/11/13,"46,420,969","48,395,649,023","1,045.00","1,050.00","1,035.00","1,035.00",-15.00,"75,428",2330
113/11/14,"49,328,914","50,864,201,443","1,030.00","1,040.00","1,025.00","1,035.00", 0.00,"62,545",2330
113/11/15,"37,405,855","38,824,519,360","1,040.00","1,045.00","1,030.00","1,035.00", 0.00,"38,669",2330
113/11/18,"33,583,180","34,422,999,050","1,030.00","1,035.00","1,020.00","1,025.00",-10.00,"56,311",2330
113/11/19,"25,497,606","26,433,399,155","1,030.00","1,045.00","1,025.00","1,040.00",+15.00,"26,315",2330
113/11/20,"40,203,197","41,541,948,790","1,045.00","1,050.00","1,020.00","1,025.00",-15.00,"53,280",2330
113/11/21,"44,679,981","45,374,625,920","1,020.00","1,025.00","1,010.00","1,010.00",-15.00,"67,481",2330
113/11/22,"32,509,453","33,754,431,973","1,035.00","1,050.00","1,035.00","1,040.00",+30.00,"28,859",2330
113/11/25,"54,443,912","56,293,841,760","1,045.00","1,050.00","1,030.00","1,030.00",-10.00,"34,710",2330
113/11/26,"31,309,332","31,750,783,325","1,015.00","1,020.00","1,010.00","1,010.00",-20.00,"79,568",2330
113/11/27,"34,602,143","34,822,499,480","1,010.00","1,020.00","1,000.00","1,000.00",-10.00,"111,382",2330
113/11/28,"37,166,049","37,181,706,464","1,005.00","1,005.00",992.00,"1,005.00",+5.00,"82,426",2330
113/11/29,"43,621,329","43,637,043,385",995.00,"1,010.00",994.00,996.00,-9.00,"47,567",2330
113/12/02,"33,333,423","34,325,585,125","1,020.00","1,040.00","1,015.00","1,035.00",+39.00,"42,112",2330
113/12/03,"48,632,084","51,509,603,939","1,060.00","1,065.00","1,055.00","1,055.00",+20.00,"55,988",2330
113/12/04,"35,431,584","37,738,286,825","1,065.00","1,070.00","1,055.00","1,070.00",+15.00,"45,553",2330
113/12/05,"41,293,183","44,420,331,699","1,070.00","1,080.00","1,070.00","1,075.00",+5.00,"51,311",2330
113/12/06,"32,090,124","34,306,935,479","1,075.00","1,080.00","1,060.00","1,065.00",-10.00,"33,697",2330
113/12/09,"30,255,281","32,409,791,931","1,070.00","1,075.00","1,065.00","1,075.00",+10.00,"25,230",2330
113/12/10,"32,359,253","34,496,134,808","1,070.00","1,075.00","1,060.00","1,065.00",-10.00,"31,326",2330
113/12/11,"26,948,940","28,278,772,503","1,045.00","1,060.00","1,045.00","1,045.00",-20.00,"47,194",2330
113/12/12,"26,574,460","28,185,087,817","1,060.00","1,065.00","1,055.00","1,060.00",X0.00,"25,096",2330
113/12/13,"24,329,785","25,873,117,992","1,060.00","1,070.00","1,055.00","1,065.00",+5.00,"25,787",2330
113/12/16,"43,679,921","47,253,709,874","1,085.00","1,085.00","1,075.00","1,085.00",+20.00,"53,568",2330
113/12/17,"40,033,595","43,428,037,809","1,090.00","1,095.00","1,075.00","1,075.00",-10.00,"42,830",2330
113/12/18,"47,331,164","51,170,937,776","1,075.00","1,090.00","1,070.00","1,085.00",+10.00,"40,248",2330
113/12/19,"46,126,529","49,061,396,399","1,065.00","1,070.00","1,055.00","1,070.00",-15.00,"62,146",2330
113/12/20,"56,392,109","58,923,043,065","1,060.00","1,060.00","1,035.00","1,035.00",-35.00,"85,875",2330
113/12/23,"32,800,319","35,200,907,996","1,065.00","1,080.00","1,060.00","1,080.00",+45.00,"39,942",2330
113/12/24,"30,069,757","32,689,957,470","1,095.00","1,095.00","1,080.00","1,080.00", 0.00,"36,423",2330
113/12/25,"16,186,220","17,591,123,835","1,090.00","1,090.00","1,080.00","1,085.00",+5.00,"28,032",2330
113/12/26,"15,017,636","16,328,335,510","1,085.00","1,090.00","1,085.00","1,085.00", 0.00,"23,380",2330
113/12/27,"26,151,993","28,531,251,520","1,080.00","1,095.00","1,080.00","1,090.00",+5.00,"40,184",2330
113/12/30,"27,437,455","29,944,447,716","1,090.00","1,095.00","1,085.00","1,090.00", 0.00,"28,373",2330
113/12/31,"29,239,004","31,511,634,720","1,080.00","1,085.00","1,075.00","1,075.00",-15.00,"32,969",2330
114/01/02,"45,045,125","47,883,206,644","1,070.00","1,075.00","1,055.00","1,065.00",-10.00,"74,997",2330
114/01/03,"31,244,211","33,728,652,860","1,080.00","1,085.00","1,075.00","1,075.00",+10.00,"28,227",2330
114/01/06,"77,874,801","86,585,128,825","1,100.00","1,125.00","1,095.00","1,125.00",+50.00,"130,021",2330
114/01/07,"54,691,485","62,664,127,156","1,150.00","1,160.00","1,130.00","1,130.00",+5.00,"70,657",2330
114/01/08,"49,181,518","54,760,296,689","1,110.00","1,130.00","1,105.00","1,105.00",-25.00,"71,736",2330
114/01/09,"29,916,198","33,052,210,793","1,100.00","1,115.00","1,100.00","1,100.00",-5.00,"51,544",2330
114/01/10,"24,475,751","26,996,697,889","1,100.00","1,110.00","1,100.00","1,100.00", 0.00,"38,027",2330
114/01/13,"62,629,547","68,093,421,797","1,110.00","1,115.00","1,070.00","1,075.00",-25.00,"118,516",2330
114/01/14,"31,280,235","33,915,048,410","1,085.00","1,090.00","1,075.00","1,090.00",+15.00,"32,218",2330
114/01/15,"37,966,582","40,677,529,813","1,085.00","1,085.00","1,065.00","1,065.00",-25.00,"74,906",2330
114/01/16,"49,872,673","54,934,128,041","1,095.00","1,115.00","1,090.00","1,105.00",+40.00,"54,389",2330
114/01/17,"60,857,371","67,663,576,840","1,125.00","1,125.00","1,095.00","1,120.00",+15.00,"48,829",2330
114/01/20,"32,062,171","36,076,248,367","1,125.00","1,135.00","1,120.00","1,120.00", 0.00,"37,780",2330
114/01/21,"24,368,832","27,256,307,475","1,115.00","1,125.00","1,110.00","1,120.00", 0.00,"28,262",2330
114/01/22,"45,996,696","52,510,666,410","1,140.00","1,150.00","1,135.00","1,135.00",+15.00,"59,434",2330
113/01/02,"10,668,557","10,539,569,604","1,010.00","1,015.00",980.00,981.00,-34.00,"33,320",2454
113/01/03,"13,403,900","12,879,381,226",976.00,977.00,953.00,953.00,-28.00,"36,634",2454
113/01/04,"9,628,243","8,961,976,323",940.00,947.00,922.00,928.00,X0.00,"26,322",2454
113/01/05,"5,851,876","5,418,281,372",929.00,935.00,921.00,921.00,-7.00,"14,629",2454
113/01/08,"6,035,931","5,581,861,138",930.00,936.00,918.00,920.00,-1.00,"13,205",2454
113/01/09,"5,893,697","5,489,896,904",938.00,940.00,926.00,928.00,+8.00,"9,566",2454
113/01/10,"4,380,442","4,054,858,477",935.00,935.00,922.00,924.00,-4.00,"8,327",2454
113/01/11,"7,008,030","6,482,779,978",932.00,937.00,920.00,920.00,-4.00,"11,674",2454
113/01/12,"4,936,513","4,561,920,934",920.00,929.00,916.00,926.00,+6.00,"9,685",2454
113/01/15,"4,413,758","4,080,345,389",935.00,935.00,919.00,922.00,-4.00,"9,604",2454
113/01/16,"11,367,477","10,254,923,229",915.00,917.00,895.00,895.00,-27.00,"37,490",2454
113/01/17,"12,081,845","10,707,584,168",890.00,903.00,879.00,879.00,-16.00,"30,859",2454
113/01/18,"6,915,744","6,173,380,276",884.00,897.00,884.00,897.00,+18.00,"11,614",2454
113/01/19,"9,409,813","8,600,857,759",920.00,920.00,907.00,920.00,+23.00,"13,964",2454
113/01/22,"9,745,086","9,050,768,641",928.00,943.00,920.00,922.00,+2.00,"15,392",2454
113/01/23,"6,388,646","5,841,194,585",918.00,922.00,909.00,911.00,-11.00,"14,619",2454
113/01/24,"8,378,719","7,791,599,313",916.00,936.00,915.00,936.00,+25.00,"13,468",2454
113/01/25,"9,340,986","8,802,170,010",939.00,950.00,933.00,943.00,+7.00,"16,055",2454
113/01/26,"5,458,694","5,095,110,405",936.00,939.00,928.00,936.00,-7.00,"10,429",2454
113/01/29,"7,208,528","6,734,392,277",945.00,945.00,926.00,938.00,+2.00,"10,747",2454
113/01/30,"9,996,375","9,570,984,605",938.00,973.00,938.00,963.00,+25.00,"21,404",2454
113/01/31,"9,456,227","9,151,346,526",976.00,977.00,958.00,966.00,+3.00,"14,915",2454
113/02/01,"17,458,860","16,288,251,640",951.00,951.00,922.00,930.00,-36.00,"37,516",2454
113/02/02,"8,662,912","8,069,772,997",931.00,936.00,926.00,936.00,+6.00,"10,936",2454
113/02/05,"5,880,641","5,499,992,171",929.00,940.00,928.00,937.00,+1.00,"9,041",2454
113/02/15,"12,555,654","12,162,095,404",983.00,983.00,951.00,972.00,+35.00,"20,065",2454
113/02/16,"4,761,127","4,617,210,037",976.00,977.00,963.00,970.00,-2.00,"9,390",2454
113/02/19,"4,384,732","4,207,695,206",973.00,973.00,951.00,963.00,-7.00,"14,307",2454
113/02/20,"8,929,345","8,723,625,360",960.00,985.00,960.00,982.00,+19.00,"16,007",2454
113/02/21,"5,894,546","5,774,043,213",972.00,986.00,972.00,981.00,-1.00,"9,239",2454
113/02/22,"11,143,348","11,182,372,563",988.00,"1,020.00",988.00,"1,015.00",+34.00,"27,457",2454
113/02/23,"24,851,080","26,426,454,270","1,035.00","1,100.00","1,010.00","1,100.00",+85.00,"45,703",2454
113/02/26,"12,802,833","14,099,735,320","1,090.00","1,120.00","1,060.00","1,115.00",+15.00,"21,866",2454
113/02/27,"17,764,235","20,091,190,478","1,125.00","1,160.00","1,105.00","1,115.00", 0.00,"25,231",2454
113/02/29,"9,629,679","10,913,144,214","1,115.00","1,145.00","1,110.00","1,140.00",+25.00,"12,969",2454
113/03/01,"12,340,648","13,885,865,445","1,165.00","1,165.00","1,095.00","1,105.00",-35.00,"19,824",2454
113/03/04,"12,662,274","14,412,286,170","1,115.00","1,155.00","1,105.00","1,150.00",+45.00,"18,174",2454
113/03/05,"8,791,366","10,110,507,669","1,150.00","1,160.00","1,130.00","1,155.00",+5.00,"11,614",2454
113/03/06,"10,101,276","11,900,123,883","1,145.00","1,200.00","1,140.00","1,190.00",+35.00,"18,023",2454
113/03/07,"15,486,926","19,124,067,055","1,220.00","1,260.00","1,215.00","1,230.00",+40.00,"27,116",2454
113/03/08,"16,879,880","20,901,360,710","1,260.00","1,275.00","1,195.00","1,230.00", 0.00,"29,378",2454
113/03/11,"5,890,017","7,194,112,840","1,235.00","1,245.00","1,205.00","1,225.00",-5.00,"13,988",2454
113/03/12,"5,763,673","6,982,065,633","1,200.00","1,225.00","1,190.00","1,215.00",-10.00,"10,293",2454
113/03/13,"7,058,092","8,664,872,625","1,245.00","1,260.00","1,210.00","1,215.00", 0.00,"10,150",2454
113/03/14,"13,127,561","15,362,729,390","1,220.00","1,230.00","1,140.00","1,150.00",-65.00,"29,288",2454
113/03/15,"8,765,752","9,952,629,412","1,135.00","1,150.00","1,120.00","1,135.00",-15.00,"12,868",2454
113/03/18,"6,022,543","6,998,166,230","1,135.00","1,180.00","1,135.00","1,170.00",+35.00,"9,226",2454
113/03/19,"8,911,458","10,275,345,250","1,150.00","1,165.00","1,135.00","1,150.00",-20.00,"11,577",2454
113/03/20,"6,413,758","7,334,841,690","1,145.00","1,175.00","1,120.00","1,130.00",-20.00,"14,933",2454
113/03/21,"6,662,414","7,591,384,995","1,160.00","1,160.00","1,125.00","1,140.00",+10.00,"10,301",2454
113/03/22,"6,420,828","7,221,186,772","1,140.00","1,145.00","1,110.00","1,125.00",-15.00,"12,312",2454
113/03/25,"3,339,686","3,757,398,540","1,120.00","1,140.00","1,115.00","1,120.00",-5.00,"7,196",2454
113/03/26,"6,780,815","7,730,813,565","1,140.00","1,170.00","1,120.00","1,130.00",+10.00,"9,698",2454
113/03/27,"6,243,784","7,246,200,275","1,135.00","1,175.00","1,125.00","1,165.00",+35.00,"11,039",2454
113/03/28,"7,545,389","8,765,813,082","1,160.00","1,180.00","1,135.00","1,160.00",-5.00,"10,171",2454
113/03/29,"8,549,357","10,121,577,230","1,160.00","1,200.00","1,160.00","1,195.00",+35.00,"13,892",2454
113/04/01,"5,481,587","6,409,200,810","1,190.00","1,200.00","1,155.00","1,160.00",-35.00,"10,079",2454
113/04/02,"4,324,010","5,063,537,850","1,170.00","1,185.00","1,160.00","1,165.00",+5.00,"6,086",2454
113/04/03,"4,204,622","4,891,943,030","1,150.00","1,175.00","1,140.00","1,160.00",-5.00,"5,494",2454
113/04/08,"4,137,606","4,778,797,730","1,175.00","1,180.00","1,145.00","1,150.00",-10.00,"7,147",2454
113/04/09,"3,400,861","3,952,733,860","1,160.00","1,175.00","1,150.00","1,160.00",+10.00,"5,240",2454
113/04/10,"6,687,109","8,011,380,680","1,170.00","1,215.00","1,165.00","1,195.00",+35.00,"12,678",2454
113/04/11,"6,406,311","7,726,137,125","1,205.00","1,230.00","1,185.00","1,200.00",+5.00,"9,361",2454
113/04/12,"5,339,872","6,300,724,555","1,190.00","1,200.00","1,165.00","1,180.00",-20.00,"9,369",2454
113/04/15,"9,660,747","10,847,625,695","1,160.00","1,160.00","1,110.00","1,110.00",-70.00,"25,149",2454
113/04/16,"13,458,990","14,336,452,869","1,065.00","1,090.00","1,055.00","1,055.00",-55.00,"23,861",2454
113/04/17,"8,144,332","8,580,285,060","1,065.00","1,075.00","1,045.00","1,050.00",-5.00,"19,981",2454
113/04/18,"7,339,262","7,647,418,425","1,045.00","1,060.00","1,020.00","1,050.00", 0.00,"11,160",2454
113/04/19,"16,604,482","16,532,346,800","1,020.00","1,030.00",970.00,993.00,-57.00,"47,696",2454
113/04/22,"9,681,250","9,431,274,708",984.00,989.00,966.00,966.00,-27.00,"28,270",2454
113/04/23,"6,158,115","6,017,378,864",989.00,989.00,970.00,972.00,+6.00,"13,064",2454
113/04/24,"6,424,187","6,461,514,898",995.00,"1,020.00",994.00,"1,010.00",+38.00,"11,641",2454
113/04/25,"6,733,096","6,652,777,384",996.00,"1,005.00",976.00,981.00,-29.00,"20,946",2454
113/04/26,"5,856,365","5,854,514,360",991.00,"1,005.00",987.00,"1,005.00",+24.00,"9,261",2454
113/04/29,"8,251,393","8,465,365,870","1,055.00","1,055.00","1,005.00","1,015.00",+10.00,"13,519",2454
113/04/30,"6,311,140","6,339,892,347","1,015.00","1,030.00",992.00,992.00,-23.00,"10,193",2454
113/05/02,"5,508,680","5,527,736,060",990.00,"1,020.00",982.00,"1,000.00",+8.00,"7,596",2454
113/05/03,"6,978,404","7,272,376,440","1,040.00","1,050.00","1,030.00","1,040.00",+40.00,"11,528",2454
113/05/06,"4,644,236","4,853,920,295","1,060.00","1,060.00","1,035.00","1,035.00",-5.00,"7,930",2454
113/05/07,"3,238,845","3,381,206,020","1,050.00","1,055.00","1,035.00","1,045.00",+10.00,"5,151",2454
113/05/08,"10,343,764","11,216,245,790","1,080.00","1,100.00","1,060.00","1,095.00",+50.00,"16,076",2454
113/05/09,"7,989,043","8,846,473,285","1,100.00","1,125.00","1,090.00","1,095.00", 0.00,"12,021",2454
113/05/10,"4,664,901","5,100,000,162","1,105.00","1,105.00","1,080.00","1,095.00", 0.00,"6,867",2454
113/05/13,"4,261,629","4,724,340,848","1,115.00","1,120.00","1,100.00","1,115.00",+20.00,"7,002",2454
113/05/14,"7,954,993","9,069,865,450","1,115.00","1,160.00","1,110.00","1,155.00",+40.00,"15,381",2454
113/05/15,"5,734,377","6,654,225,685","1,170.00","1,175.00","1,145.00","1,155.00", 0.00,"10,474",2454
113/05/16,"10,452,836","12,449,974,595","1,180.00","1,210.00","1,175.00","1,190.00",+35.00,"18,225",2454
113/05/17,"6,555,819","7,683,288,345","1,180.00","1,185.00","1,165.00","1,165.00",-25.00,"9,273",2454
113/05/20,"6,368,808","7,543,295,595","1,165.00","1,195.00","1,165.00","1,190.00",+25.00,"9,769",2454
113/05/21,"3,544,126","4,167,145,255","1,180.00","1,190.00","1,165.00","1,175.00",-15.00,"6,223",2454
113/05/22,"4,592,310","5,397,471,790","1,190.00","1,190.00","1,160.00","1,185.00",+10.00,"7,803",2454
113/05/23,"6,526,951","7,832,960,825","1,195.00","1,210.00","1,185.00","1,205.00",+20.00,"12,386",2454
113/05/24,"4,139,304","4,961,445,325","1,190.00","1,205.00","1,190.00","1,195.00",-10.00,"6,168",2454
113/05/27,"16,451,271","21,168,650,020","1,250.00","1,310.00","1,235.00","1,285.00",+90.00,"25,068",2454
113/05/28,"10,732,534","14,035,640,030","1,300.00","1,320.00","1,285.00","1,310.00",+25.00,"19,151",2454
113/05/29,"8,661,046","11,218,850,545","1,310.00","1,315.00","1,275.00","1,290.00",-20.00,"12,262",2454
113/05/30,"8,581,664","10,994,980,566","1,255.00","1,300.00","1,250.00","1,290.00", 0.00,"11,952",2454
113/05/31,"15,194,460","19,025,117,175","1,315.00","1,315.00","1,225.00","1,235.00",-55.00,"27,519",2454
113/06/03,"6,400,731","8,067,525,065","1,265.00","1,270.00","1,240.00","1,270.00",+35.00,"9,607",2454
113/06/04,"7,219,004","8,958,813,210","1,260.00","1,270.00","1,220.00","1,240.00",-30.00,"14,654",2454
113/06/05,"6,012,669","7,387,432,500","1,240.00","1,245.00","1,220.00","1,230.00",-10.00,"10,115",2454
113/06/06,"10,328,177","13,199,043,800","1,255.00","1,300.00","1,235.00","1,290.00",+60.00,"16,487",2454
113/06/07,"5,092,253","6,515,713,395","1,290.00","1,290.00","1,270.00","1,275.00",-15.00,"7,503",2454
113/06/11,"5,846,697","7,399,957,718","1,270.00","1,280.00","1,250.00","1,270.00",-5.00,"7,806",2454
113/06/12,"8,015,243","10,378,757,620","1,270.00","1,310.00","1,265.00","1,300.00",+30.00,"12,230",2454
113/06/13,"13,667,003","18,739,524,449","1,340.00","1,400.00","1,325.00","1,385.00",+85.00,"26,043",2454
113/06/14,"6,250,845","8,663,526,242","1,395.00","1,395.00","1,365.00","1,395.00",+10.00,"10,388",2454
113/06/17,"4,762,970","6,546,247,711","1,375.00","1,390.00","1,365.00","1,380.00",-15.00,"9,928",2454
113/06/18,"7,868,192","10,966,483,070","1,375.00","1,405.00","1,375.00","1,405.00",+25.00,"11,141",2454
113/06/19,"12,145,736","17,823,177,737","1,425.00","1,485.00","1,420.00","1,485.00",+80.00,"20,765",2454
113/06/20,"7,215,413","10,698,314,079","1,485.00","1,500.00","1,460.00","1,500.00",+15.00,"11,650",2454
113/06/21,"12,105,025","17,867,014,186","1,470.00","1,495.00","1,445.00","1,490.00",-10.00,"14,988",2454
113/06/24,"9,608,976","13,682,863,540","1,455.00","1,465.00","1,405.00","1,410.00",-80.00,"26,655",2454
113/06/25,"9,815,912","13,570,769,694","1,370.00","1,400.00","1,365.00","1,385.00",-25.00,"15,893",2454
113/06/26,"5,222,459","7,379,653,738","1,395.00","1,430.00","1,395.00","1,405.00",+20.00,"8,598",2454
113/06/27,"5,022,470","6,999,160,075","1,380.00","1,410.00","1,380.00","1,395.00",-10.00,"9,074",2454
113/06/28,"7,091,837","9,894,792,705","1,400.00","1,405.00","1,375.00","1,400.00",+5.00,"8,995",2454
113/07/01,"5,231,972","7,460,027,114","1,405.00","1,440.00","1,405.00","1,415.00",+15.00,"8,582",2454
113/07/02,"5,192,639","7,286,044,855","1,410.00","1,415.00","1,390.00","1,410.00",-5.00,"9,302",2454
113/07/03,"6,507,165","9,130,555,260","1,430.00","1,430.00","1,390.00","1,405.00",-5.00,"10,196",2454
113/07/04,"7,932,727","10,958,285,135","1,380.00","1,400.00","1,375.00","1,375.00",X0.00,"16,077",2454
113/07/05,"7,046,623","9,519,975,049","1,380.00","1,385.00","1,335.00","1,350.00",-25.00,"26,077",2454
113/07/08,"8,013,255","11,168,752,895","1,340.00","1,420.00","1,335.00","1,420.00",+70.00,"14,494",2454
113/07/09,"9,919,314","14,279,252,810","1,450.00","1,460.00","1,415.00","1,460.00",+40.00,"15,342",2454
113/07/10,"5,691,397","8,156,861,700","1,455.00","1,460.00","1,410.00","1,435.00",-25.00,"11,159",2454
113/07/11,"5,549,812","7,946,756,116","1,435.00","1,460.00","1,415.00","1,420.00",-15.00,"13,294",2454
113/07/12,"7,528,115","10,276,862,370","1,365.00","1,385.00","1,350.00","1,360.00",-60.00,"31,771",2454
113/07/15,"3,700,301","5,037,115,390","1,370.00","1,380.00","1,350.00","1,355.00",-5.00,"8,859",2454
113/07/16,"5,267,624","7,082,595,622","1,355.00","1,365.00","1,325.00","1,345.00",-10.00,"13,870",2454
113/07/17,"6,370,105","8,428,658,670","1,335.00","1,345.00","1,305.00","1,325.00",-20.00,"22,271",2454
113/07/18,"10,515,746","13,347,681,435","1,270.00","1,290.00","1,250.00","1,280.00",-45.00,"34,798",2454
113/07/19,"6,157,494","7,796,089,535","1,260.00","1,285.00","1,260.00","1,260.00",-20.00,"14,466",2454
113/07/22,"7,568,809","9,232,979,290","1,255.00","1,260.00","1,195.00","1,225.00",-35.00,"22,061",2454
113/07/23,"6,609,048","8,329,911,690","1,255.00","1,275.00","1,240.00","1,275.00",+50.00,"11,037",2454
113/07/26,"10,546,400","12,871,385,040","1,190.00","1,255.00","1,185.00","1,245.00",-30.00,"17,501",2454
113/07/29,"5,212,301","6,513,230,115","1,265.00","1,280.00","1,230.00","1,240.00",-5.00,"9,359",2454
113/07/30,"4,562,729","5,629,625,725","1,230.00","1,255.00","1,210.00","1,255.00",+15.00,"8,805",2454
113/07/31,"7,646,628","9,292,823,670","1,230.00","1,235.00","1,200.00","1,220.00",-35.00,"16,827",2454
113/08/01,"12,859,885","15,332,679,225","1,215.00","1,235.00","1,180.00","1,180.00",-40.00,"40,958",2454
113/08/02,"14,592,681","16,212,034,200","1,130.00","1,140.00","1,090.00","1,090.00",-90.00,"45,587",2454
113/08/05,"23,157,567","23,008,080,568",995.00,"1,020.00",981.00,991.00,-99.00,"51,632",2454
113/08/06,"16,842,716","18,099,654,330","1,090.00","1,090.00","1,035.00","1,075.00",+84.00,"23,781",2454
113/08/07,"10,786,767","12,169,127,620","1,090.00","1,150.00","1,080.00","1,150.00",+75.00,"17,566",2454
113/08/08,"8,260,831","9,237,311,345","1,120.00","1,140.00","1,100.00","1,115.00",-35.00,"12,520",2454
113/08/09,"7,138,660","8,121,186,220","1,150.00","1,155.00","1,120.00","1,125.00",+10.00,"11,062",2454
113/08/12,"4,732,084","5,517,573,265","1,145.00","1,175.00","1,140.00","1,175.00",+50.00,"9,353",2454
113/08/13,"3,893,560","4,536,605,460","1,180.00","1,185.00","1,150.00","1,160.00",-15.00,"7,811",2454
113/08/14,"4,566,599","5,398,623,020","1,175.00","1,190.00","1,170.00","1,185.00",+25.00,"8,030",2454
113/08/15,"3,208,717","3,738,001,210","1,170.00","1,180.00","1,155.00","1,155.00",-30.00,"7,783",2454
113/08/16,"7,309,904","8,910,532,695","1,185.00","1,240.00","1,185.00","1,230.00",+75.00,"15,832",2454
113/08/19,"6,237,209","7,801,873,255","1,240.00","1,265.00","1,230.00","1,255.00",+25.00,"10,611",2454
113/08/20,"4,411,805","5,535,190,910","1,270.00","1,270.00","1,240.00","1,250.00",-5.00,"8,077",2454
113/08/21,"4,669,809","5,711,510,720","1,220.00","1,240.00","1,210.00","1,220.00",-30.00,"9,980",2454
113/08/22,"3,087,965","3,789,002,525","1,230.00","1,240.00","1,215.00","1,230.00",+10.00,"5,251",2454
113/08/23,"4,319,266","5,221,802,920","1,205.00","1,225.00","1,190.00","1,225.00",-5.00,"8,071",2454
113/08/26,"3,784,179","4,646,596,305","1,245.00","1,245.00","1,210.00","1,215.00",-10.00,"8,504",2454
113/08/27,"3,963,303","4,767,933,865","1,200.00","1,215.00","1,190.00","1,210.00",-5.00,"6,862",2454
113/08/28,"4,883,821","5,851,724,725","1,205.00","1,220.00","1,185.00","1,200.00",-10.00,"15,038",2454
113/08/29,"5,628,485","6,915,425,790","1,175.00","1,255.00","1,175.00","1,250.00",+50.00,"11,336",2454
113/08/30,"6,035,560","7,485,534,325","1,260.00","1,260.00","1,225.00","1,240.00",-10.00,"6,644",2454
113/09/02,"3,294,144","4,033,872,708","1,240.00","1,250.00","1,215.00","1,225.00",-15.00,"5,675",2454
113/09/03,"3,534,979","4,292,070,390","1,225.00","1,225.00","1,200.00","1,220.00",-5.00,"6,693",2454
113/09/04,"10,457,652","11,943,320,285","1,135.00","1,170.00","1,130.00","1,135.00",-85.00,"31,959",2454
113/09/05,"9,432,513","10,509,325,015","1,120.00","1,130.00","1,105.00","1,110.00",-25.00,"21,502",2454
113/09/06,"5,340,953","6,061,653,645","1,110.00","1,150.00","1,105.00","1,145.00",+35.00,"7,743",2454
113/09/09,"7,455,495","8,209,712,700","1,100.00","1,115.00","1,090.00","1,105.00",-40.00,"17,956",2454
113/09/10,"5,893,397","6,599,039,331","1,115.00","1,130.00","1,100.00","1,130.00",+25.00,"8,084",2454
113/09/11,"4,096,499","4,588,000,025","1,125.00","1,135.00","1,110.00","1,110.00",-20.00,"6,026",2454
113/09/12,"4,719,178","5,409,189,304","1,150.00","1,155.00","1,135.00","1,155.00",+45.00,"6,893",2454
113/09/13,"3,546,828","4,032,559,340","1,160.00","1,165.00","1,125.00","1,125.00",-30.00,"6,532",2454
113/09/16,"3,821,456","4,270,566,545","1,120.00","1,130.00","1,100.00","1,130.00",+5.00,"8,134",2454
113/09/18,"7,611,728","8,412,320,642","1,115.00","1,120.00","1,095.00","1,105.00",-25.00,"15,994",2454
113/09/19,"7,911,002","8,750,858,160","1,105.00","1,130.00","1,080.00","1,120.00",+15.00,"11,279",2454
113/09/20,"9,138,981","10,381,805,590","1,145.00","1,155.00","1,125.00","1,125.00",+5.00,"8,642",2454
113/09/23,"4,562,996","5,195,943,045","1,125.00","1,150.00","1,120.00","1,145.00",+20.00,"5,228",2454
113/09/24,"7,297,056","8,563,842,676","1,135.00","1,195.00","1,135.00","1,195.00",+50.00,"14,778",2454
113/09/25,"11,480,089","13,988,663,410","1,220.00","1,230.00","1,205.00","1,225.00",+30.00,"14,305",2454
113/09/26,"9,967,330","12,562,372,950","1,235.00","1,280.00","1,230.00","1,270.00",+45.00,"21,463",2454
113/09/27,"9,319,433","11,879,994,727","1,280.00","1,305.00","1,250.00","1,260.00",-10.00,"15,498",2454
113/09/30,"8,944,466","10,742,053,380","1,235.00","1,235.00","1,175.00","1,175.00",-85.00,"21,604",2454
113/10/01,"6,670,719","8,060,023,400","1,195.00","1,230.00","1,190.00","1,210.00",+35.00,"8,267",2454
113/10/04,"7,601,314","9,294,983,046","1,200.00","1,240.00","1,200.00","1,230.00",+20.00,"8,311",2454
113/10/07,"9,261,022","11,611,379,170","1,250.00","1,295.00","1,230.00","1,250.00",+20.00,"14,015",2454
113/10/08,"4,746,298","5,848,883,970","1,240.00","1,250.00","1,225.00","1,225.00",-25.00,"7,199",2454
113/10/09,"5,671,636","7,099,612,015","1,260.00","1,275.00","1,240.00","1,245.00",+20.00,"7,683",2454
113/10/11,"10,811,730","13,968,305,075","1,265.00","1,310.00","1,265.00","1,300.00",+55.00,"22,160",2454
113/10/14,"4,125,156","5,348,414,625","1,310.00","1,310.00","1,285.00","1,290.00",-10.00,"7,589",2454
113/10/15,"6,492,009","8,443,064,872","1,310.00","1,310.00","1,290.00","1,300.00",+10.00,"9,409",2454
113/10/16,"7,425,191","9,479,271,445","1,260.00","1,295.00","1,260.00","1,275.00",-25.00,"9,120",2454
113/10/17,"4,514,915","5,769,191,656","1,295.00","1,295.00","1,265.00","1,275.00", 0.00,"6,882",2454
113/10/18,"8,916,104","11,696,603,095","1,300.00","1,330.00","1,295.00","1,305.00",+30.00,"16,167",2454
113/10/21,"6,706,607","8,911,068,199","1,310.00","1,345.00","1,310.00","1,330.00",+25.00,"11,042",2454
113/10/22,"5,500,454","7,177,881,915","1,310.00","1,315.00","1,295.00","1,310.00",-20.00,"10,422",2454
113/10/23,"5,639,751","7,338,656,535","1,280.00","1,325.00","1,275.00","1,300.00",-10.00,"9,043",2454
113/10/24,"4,698,981","6,041,857,535","1,300.00","1,305.00","1,270.00","1,270.00",-30.00,"9,742",2454
113/10/25,"7,326,983","9,577,728,957","1,270.00","1,325.00","1,270.00","1,315.00",+45.00,"10,790",2454
113/10/28,"5,720,182","7,605,546,735","1,330.00","1,340.00","1,315.00","1,335.00",+20.00,"9,320",2454
113/10/29,"5,519,603","7,163,705,970","1,315.00","1,315.00","1,285.00","1,300.00",-35.00,"10,164",2454
113/10/30,"5,528,055","7,169,814,530","1,290.00","1,315.00","1,285.00","1,290.00",-10.00,"7,456",2454
113/11/01,"9,461,786","11,967,886,995","1,220.00","1,300.00","1,220.00","1,290.00", 0.00,"10,479",2454
113/11/04,"3,513,519","4,539,376,735","1,285.00","1,305.00","1,280.00","1,295.00",+5.00,"5,920",2454
113/11/05,"3,688,814","4,751,449,530","1,285.00","1,300.00","1,280.00","1,290.00",-5.00,"6,252",2454
113/11/06,"3,881,189","5,070,565,620","1,290.00","1,320.00","1,290.00","1,305.00",+15.00,"6,136",2454
113/11/07,"4,517,086","5,932,832,649","1,330.00","1,330.00","1,300.00","1,305.00", 0.00,"6,241",2454
113/11/08,"4,299,470","5,567,448,850","1,310.00","1,320.00","1,280.00","1,280.00",-25.00,"14,432",2454
113/11/11,"2,878,555","3,717,921,510","1,300.00","1,310.00","1,280.00","1,295.00",+15.00,"5,204",2454
113/11/12,"4,326,905","5,530,202,775","1,280.00","1,295.00","1,265.00","1,265.00",-30.00,"10,206",2454
113/11/13,"4,182,334","5,275,535,820","1,265.00","1,275.00","1,255.00","1,255.00",-10.00,"8,709",2454
113/11/14,"4,605,044","5,717,344,476","1,260.00","1,265.00","1,230.00","1,235.00",-20.00,"11,474",2454
113/11/15,"4,349,007","5,454,514,520","1,240.00","1,275.00","1,230.00","1,270.00",+35.00,"7,255",2454
113/11/18,"3,985,278","4,960,974,080","1,260.00","1,265.00","1,230.00","1,240.00",-30.00,"7,815",2454
113/11/19,"4,531,599","5,776,061,685","1,255.00","1,290.00","1,245.00","1,285.00",+45.00,"7,013",2454
113/11/20,"4,926,471","6,292,653,555","1,285.00","1,300.00","1,260.00","1,275.00",-10.00,"7,151",2454
113/11/21,"2,634,995","3,323,655,575","1,265.00","1,270.00","1,255.00","1,265.00",-10.00,"4,531",2454
113/11/22,"6,437,379","8,349,403,790","1,280.00","1,310.00","1,270.00","1,310.00",+45.00,"10,922",2454
113/11/25,"7,734,600","10,046,168,660","1,325.00","1,330.00","1,280.00","1,280.00",-30.00,"8,760",2454
113/11/26,"3,272,636","4,185,567,280","1,280.00","1,290.00","1,270.00","1,280.00", 0.00,"5,069",2454
113/11/27,"3,069,870","3,882,721,705","1,270.00","1,285.00","1,250.00","1,250.00",-30.00,"7,171",2454
113/11/28,"4,374,911","5,459,813,114","1,260.00","1,265.00","1,240.00","1,255.00",+5.00,"6,775",2454
113/11/29,"4,324,490","5,418,649,990","1,235.00","1,270.00","1,225.00","1,255.00", 0.00,"5,275",2454
113/12/02,"4,705,833","6,127,313,545","1,275.00","1,315.00","1,270.00","1,310.00",+55.00,"10,639",2454
113/12/03,"6,211,010","8,141,226,882","1,325.00","1,330.00","1,295.00","1,315.00",+5.00,"7,911",2454
113/12/04,"4,844,752","6,364,952,020","1,315.00","1,325.00","1,305.00","1,320.00",+5.00,"6,345",2454
113/12/05,"5,559,581","7,367,160,465","1,325.00","1,335.00","1,310.00","1,325.00",+5.00,"10,447",2454
113/12/06,"4,364,288","5,747,214,795","1,325.00","1,340.00","1,300.00","1,305.00",-20.00,"11,555",2454
113/12/09,"4,592,126","6,045,281,525","1,320.00","1,325.00","1,300.00","1,325.00",+20.00,"5,865",2454
113/12/10,"8,230,114","11,015,978,916","1,315.00","1,360.00","1,310.00","1,350.00",+25.00,"12,323",2454
113/12/11,"7,633,823","10,191,659,690","1,320.00","1,355.00","1,305.00","1,350.00", 0.00,"9,374",2454
113/12/12,"8,447,774","11,722,376,470","1,370.00","1,400.00","1,370.00","1,380.00",+30.00,"20,476",2454
113/12/13,"6,733,740","9,392,980,005","1,385.00","1,410.00","1,365.00","1,410.00",+30.00,"14,746",2454
113/12/16,"7,521,031","10,583,170,115","1,435.00","1,440.00","1,385.00","1,385.00",-25.00,"18,946",2454
113/12/17,"9,362,088","13,364,542,220","1,390.00","1,445.00","1,390.00","1,425.00",+40.00,"18,088",2454
113/12/18,"6,198,374","8,798,918,600","1,430.00","1,430.00","1,405.00","1,420.00",-5.00,"9,091",2454
113/12/19,"6,719,997","9,496,773,480","1,400.00","1,430.00","1,395.00","1,420.00", 0.00,"10,465",2454
113/12/20,"5,731,484","8,030,795,624","1,420.00","1,425.00","1,390.00","1,390.00",-30.00,"8,536",2454
113/12/23,"4,417,200","6,243,376,090","1,405.00","1,425.00","1,400.00","1,410.00",+20.00,"6,948",2454
113/12/24,"3,278,608","4,639,180,175","1,430.00","1,430.00","1,405.00","1,405.00",-5.00,"5,156",2454
113/12/25,"2,449,652","3,471,607,295","1,420.00","1,430.00","1,410.00","1,410.00",+5.00,"4,418",2454
113/12/26,"2,448,448","3,484,465,905","1,420.00","1,430.00","1,415.00","1,420.00",+10.00,"4,902",2454
113/12/27,"2,406,377","3,443,523,815","1,420.00","1,440.00","1,420.00","1,430.00",+10.00,"5,985",2454
113/12/30,"2,890,276","4,117,831,075","1,430.00","1,435.00","1,420.00","1,420.00",-10.00,"5,362",2454
113/12/31,"3,371,199","4,756,664,780","1,410.00","1,425.00","1,400.00","1,415.00",-5.00,"7,737",2454
114/01/02,"7,374,055","10,011,026,495","1,395.00","1,400.00","1,335.00","1,350.00",X0.00,"26,063",2454
114/01/03,"6,413,343","8,684,840,857","1,365.00","1,370.00","1,335.00","1,365.00",+15.00,"10,151",2454
114/01/06,"7,760,498","10,980,061,110","1,390.00","1,425.00","1,390.00","1,425.00",+60.00,"14,520",2454
114/01/07,"13,043,149","19,029,056,158","1,445.00","1,500.00","1,415.00","1,490.00",+65.00,"27,139",2454
114/01/08,"11,341,648","16,799,397,207","1,500.00","1,500.00","1,460.00","1,470.00",-20.00,"19,669",2454
114/01/09,"7,283,127","10,619,853,655","1,470.00","1,480.00","1,440.00","1,440.00",-30.00,"14,596",2454
114/01/10,"7,456,378","10,977,244,936","1,460.00","1,495.00","1,445.00","1,465.00",+25.00,"12,703",2454
114/01/13,"10,467,556","14,785,600,300","1,435.00","1,460.00","1,385.00","1,390.00",-75.00,"30,506",2454
114/01/14,"5,672,581","7,934,393,535","1,385.00","1,415.00","1,380.00","1,400.00",+10.00,"10,105",2454
114/01/15,"6,608,704","9,392,555,305","1,390.00","1,445.00","1,390.00","1,420.00",+20.00,"9,999",2454
114/01/16,"7,526,306","10,959,335,965","1,450.00","1,470.00","1,430.00","1,460.00",+40.00,"12,053",2454
114/01/17,"5,593,733","8,016,913,060","1,450.00","1,455.00","1,420.00","1,430.00",-30.00,"8,875",2454
114/01/20,"4,054,089","5,848,835,115","1,425.00","1,455.00","1,425.00","1,445.00",+15.00,"6,526",2454
114/01/21,"4,729,517","6,929,917,275","1,440.00","1,475.00","1,435.00","1,465.00",+20.00,"9,236",2454
114/01/22,"6,939,769","10,271,774,681","1,480.00","1,495.00","1,465.00","1,465.00", 0.00,"11,316",2454
